timestamp,symbol,timeframe,index,f_body_size_pct,f_upper_wick_pct,f_lower_wick_pct,f_range_pct,f_close_position_in_range,f_bullish_candle,f_bearish_candle,f_ema20_distance_pct,f_ema20_slope,f_ema50_distance_pct,f_ema50_slope,f_ema100_distance_pct,f_ema100_slope,f_ema200_distance_pct,f_ema200_slope,f_ema20_vs_50,f_ema50_vs_100,f_ema100_vs_200,f_ema_alignment,f_rsi,f_rsi_distance_from_50,f_macd,f_macd_signal,f_macd_histogram,f_macd_histogram_slope,f_adx,f_atr,f_atr_pct,f_bb_position,f_bb_width,f_atr_percentile,f_structure_bias,f_last_bos_direction,f_last_bos_age,f_last_choch_direction,f_last_choch_age,f_bullish_fvg_present,f_bearish_fvg_present,f_nearest_bullish_fvg_distance_pct,f_nearest_bearish_fvg_distance_pct,f_bullish_ob_present,f_bearish_ob_present,f_nearest_bullish_ob_distance_pct,f_nearest_bearish_ob_distance_pct,f_demand_present,f_supply_present,f_buy_side_liquidity_distance_pct,f_sell_side_liquidity_distance_pct,f_liquidity_sweep_direction,f_liquidity_sweep_age,f_premium_discount_state,f_distance_from_equilibrium_pct,f_htf_1d_bias,f_htf_4h_bias,f_htf_1h_bias,f_entry_15m_bias,f_mtf_alignment_score,f_higher_timeframe_bias,f_setup_bias,f_entry_bias,f_market_state_code,f_hour_utc,f_day_of_week,f_day_of_month,f_month,y_return_5,y_return_10,y_return_20,y_return_40,y_direction,y_mfe_5,y_mae_5,y_mfe_10,y_mae_10,y_mfe_20,y_mae_20,y_mfe_40,y_mae_40
2026-08-06T04:00:00+00:00,XAUUSD,15m,80,0.002973010594977903,0.011085411598331223,0.011085411598331223,0.02514383379164035,0.5591200733272097,1,0,-0.03726844827510967,-0.5920454165743649,-0.04604088006190483,-0.2643838610592866,,,,,-8.772431786795161e-05,,,,29.82297580601464,-20.17702419398536,-0.6731943058512115,-0.267960100547051,-0.40523420530416054,0.03636094819810831,31.681524641094786,1.5149807355166438,0.03491514556497442,0.13832851522246917,0.00161311617250983,0.16176470588235295,1,,,,,0,0,,,0,0,,,0,0,0.117191929267239,-0.014427167693473934,,,-1,-0.05171655639639052,-1,-1,-1,-1,100,-1,-1,0,3,4,3,6,8,0.0005475870677266111,0.001093791339827578,0.0001666268728814318,0.000840048342534961,NEUTRAL,0.0007132920768576833,0.00012790859536548926,0.001213864093314696,0.00012790859536548926,0.0012288443792585115,0.00012790859536548926,0.0012288443792585115,0.00014058422193309126
2026-08-06T04:45:00+00:00,XAUUSD,15m,83,0.011658395196564064,0.015437005497418856,0.015437005497418856,0.04253240619140178,0.6370530877573638,1,0,-0.004753074772658518,-0.22679748540031142,-0.0154308198677784,-0.1439988305373845,,,,,-0.00010677745095119882,,,,45.542646437576835,-4.457353562423165,-0.5964632623090438,-0.4513080521684792,-0.1451552101405646,0.26007899516359595,28.401239168863242,1.5389780160095208,0.03545852551275098,0.3717580327178355,0.0016520981998320097,0.352112676056338,1,,,,,0,0,,,0,0,,,0,0,0.08988023648570441,-0.04170295514974817,,,-1,-0.02405408020791271,-1,-1,-1,-1,100,-1,0,0,0,4,3,6,8,0.0006637912363888013,0.0007626341521857165,-0.0003009064056661862,0.00019860744386231111,NEUTRAL,0.0008130924238862411,0.00016220375925658906,0.0009557119224371433,0.00016220375925658906,0.0009557119224371433,0.00041334310242334925,0.0009557119224371433,0.00041334310242334925
2026-08-06T05:30:00+00:00,XAUUSD,15m,86,0.014094809241037821,0.016466974848578356,0.016466974848599304,0.04702875893821548,0.6498530852108597,1,0,0.030668388279135664,0.26607731860895,0.024721883683683405,0.06083834713717806,,,,,-5.946504595452264e-05,,,,61.67104427768604,11.671044277686043,-0.19102946861949022,-0.38830864240562774,0.19727917378613752,0.3424343839267021,26.485439410756715,1.636466727832745,0.0376890299969034,0.6988956530824229,0.0013948825695397687,0.7972972972972973,1,,,,,0,0,,,0,0,,,0,0,0.048295449311191105,-0.08323307287109623,,,1,0.017503357881030097,-1,-1,-1,-1,100,-1,0,0,0,5,3,6,8,0.00043758394702554296,1.2666903729546759e-05,-0.0006013324661496081,-0.0005591862228308257,NEUTRAL,0.0005398404062253112,0.00015891206497258174,0.0005398404062253112,0.00015891206497258174,0.0005398404062253112,0.0008286458112622031,0.0005398404062253112,0.0008286458112622031
2026-08-06T06:15:00+00:00,XAUUSD,15m,89,0.00925520254043899,0.013583506216069047,0.013583506216048109,0.03642221497255615,0.6270543615674085,1,0,0.05034734003074778,0.6237905548368872,0.053221418810510165,0.24075620011990395,,,,,2.8740787797623942e-05,,,,70.52148545616362,20.521485456163617,0.3284140476534958,-0.10974583563826773,0.43815988329176353,0.240880709505626,28.97378166589715,1.662913047029292,0.03828506730694769,0.9664931317139529,0.001343542547436452,0.948051948051948,1,,,,,0,0,,,0,0,,,0,0,0.014228147189040573,-0.11725558840410258,,,1,0.051548254945365024,-1,-1,-1,1,75,-1,-1,0,3,6,3,6,8,-8.357309756649744e-05,-0.0007436394080997673,-0.0005944510686419292,-0.001055139135393628,NEUTRAL,0.00019914801486281723,0.00021802678621382705,0.00019914801486281723,0.0009061810248547531,0.00019914801486281723,0.0011688722213382416,0.00019914801486281723,0.0011688722213382416
2026-08-06T07:00:00+00:00,XAUUSD,15m,92,0.0029467313842478256,0.010037303777610513,0.010037303777631451,0.02302133893948979,0.4360000000006039,0,1,0.042053342551301255,0.6531268130465833,0.053082271941473406,0.2988883173748036,,,,,0.00011028929390172159,,,,70.89466709911464,20.894667099114642,0.6830080015961357,0.23821569581601784,0.44479230578011786,0.006632422488354328,32.24949223384444,1.55252513277094,0.03574120729359619,0.8851036817864248,0.0016432741734882285,0.4,1,,,,,0,0,,,0,0,,,0,0,0.007481935155329994,-0.12399293152810173,-1,2,1,0.05829003019479167,-1,-1,1,1,50,-1,0,0,0,7,3,6,8,-0.0005357065571219794,-0.0010909812523425334,-0.00029168036436329545,-0.0009659753819009715,NEUTRAL,0.000118329682149006,0.0006998487037604813,0.000118329682149006,0.0012201309637930007,0.000118329682149006,0.0012362459010505766,0.000118329682149006,0.0012362459010505766
2026-08-06T07:45:00+00:00,XAUUSD,15m,95,0.011352523011895578,0.014806637518546386,0.014806637518546386,0.04096579804898835,0.3614390106800821,0,1,0.008994852269596959,0.28709672936929564,0.02246142471200478,0.1813652188893684,,,,,0.0001346657244240782,,,,56.31077867514236,6.310778675142359,0.6463437002885257,0.45557782236062183,0.1907658779279039,-0.25402642785221397,30.262254626060535,1.5531427538986784,0.03576488611436017,0.6582462555493586,0.0017466070107191739,0.42168674698795183,1,,,,,0,0,,,0,0,,,0,0,0.03988350883689075,-0.09756722109810169,-1,5,1,0.028784287555472285,-1,-1,1,1,50,-1,0,0,0,7,3,6,8,-0.0006650321796820971,-0.0008177040408765405,0.00020931933910346633,-0.00032514731222691183,NEUTRAL,0.00015819844440496733,0.0008202370581813116,0.00015819844440496733,0.0009719878221737915,0.0003315949926393993,0.0009719878221737915,0.0003359702043476784,0.0009719878221737915
2026-08-06T08:30:00+00:00,XAUUSD,15m,98,0.014144678870878837,0.016586594115681235,0.016586594115660283,0.04731786710222036,0.35053554040862445,0,1,-0.02732741800436364,-0.21514172694696754,-0.018237716947288755,-0.02490676559500571,,,,,9.089701057074887e-05,,,,40.346366749894756,-9.653633250105244,0.26048773511956824,0.4223349591682553,-0.16184722404868707,-0.35261310197659096,26.81247475914706,1.6448938157126187,0.0378933140064024,0.35804384279947343,0.0015207412929736162,0.8255813953488372,1,,,,,0,0,,,0,0,,,0,0,0.08118216342173011,-0.056325309184474245,-1,8,-1,-0.01248601945932957,-1,-1,1,1,75,-1,0,0,0,8,3,6,8,-0.0004471469330350366,-0.00010090178087017244,0.0005897455685574387,0.00048193270680558397,NEUTRAL,0.0001626407700787359,0.0005595671820411366,0.0001626407700787359,0.0005595671820411366,0.0007489307981953334,0.0005595671820411366,0.0007489307981953334,0.0005595671820411366
2026-08-06T09:15:00+00:00,XAUUSD,15m,101,0.009540610391654958,0.014403095398038182,0.014403095398038182,0.03834680118773132,0.37560096153851574,0,1,-0.048508425373927654,-0.5912956597703669,-0.04817686701346724,-0.2111123780859998,-0.04451431388736081,,,,3.315583604604141e-06,3.662553126106436e-05,,,31.14707182552337,-18.85292817447663,-0.25922686112244264,0.1615161728220929,-0.42074303394453555,-0.2588958098958485,28.38052299975836,1.682159516443345,0.03876528638408204,0.07262994634972754,0.0013760797662452457,0.9887640449438202,1,,,,,0,0,,,0,0,,,0,0,0.11600829157395068,-0.02154703071547434,-1,11,-1,-0.04728824281085254,-1,-1,1,1,75,-1,0,0,0,9,3,6,8,1.5670567792904576e-05,0.0006150697858777924,0.0006537853063076418,0.001039327363922276,NEUTRAL,0.0001412655596638143,0.00021178311473272324,0.0007800716467575887,0.00021178311473272324,0.0010971701950408443,0.00021178311473272324,0.0011464863936837136,0.00021178311473272324
2026-08-06T10:00:00+00:00,XAUUSD,15m,104,0.0002996132453926965,0.009426293643579628,0.009426293643558669,0.019152200532530993,0.5078219013231098,1,0,-0.04327320292204859,-0.6453552456932812,-0.05137385723374759,-0.2794863074495879,-0.05104982031602535,-0.13461521681256272,,,-8.100654311699006e-05,3.2403691772224184e-06,,,29.070773192382077,-20.929226807617923,-0.6324486370122031,-0.1830549039695818,-0.4493937330426213,-0.028650699098085763,31.04954392364289,1.5672479801843922,0.036120634898545015,0.10174711383258626,0.0016076308082248131,0.40217391304347827,1,,,,,0,0,,,0,0,,,0,0,0.12565318568393122,-0.011915388297609648,-1,14,-1,-0.05692651662498965,-1,-1,1,0,75,-1,0,0,0,10,3,6,8,0.0004595606240899183,0.0010138451280697607,0.000375207971924997,0.0010050872024350435,NEUTRAL,0.000621121304875749,0.00010832171179633702,0.001151897692678513,0.00010832171179633702,0.0011936130753064265,0.00010832171179633702,0.0012569928002938591,0.00010832171179633702
2026-08-06T10:45:00+00:00,XAUUSD,15m,107,0.010345951092466162,0.014078788680374545,0.014078788680374545,0.03850352845321525,0.6343506882107868,1,0,-0.013818579755318078,-0.3428853936084124,-0.025417299410230496,-0.1909984439253094,-0.027240064803048206,-0.09783321598024486,,,-0.00011598719654912421,-1.8227653928177074e-05,,,41.3841236842618,-8.615876315738198,-0.6537033757758763,-0.4226901028942983,-0.23101327288157802,0.2183804601610433,29.57209425123754,1.5358071473997583,0.035388386713673343,0.3080302959289163,0.001753774212041896,0.29473684210526313,1,,,,,0,0,,,0,0,,,0,0,0.10408165052252412,-0.033457285047317764,-1,17,-1,-0.03536978825595754,-1,-1,-1,-1,100,-1,0,-1,0,10,3,6,8,0.0006145356695674588,0.0008617785542489097,-0.00014700928278362768,0.00041176424503826665,NEUTRAL,0.000774679010530768,0.00015300025669013435,0.0009774504350599602,0.00015300025669013435,0.0009779112792065018,0.000278349864580862,0.0010412773493719922,0.00032305174680670576
2026-08-06T11:30:00+00:00,XAUUSD,15m,110,0.012553363310920154,0.016538192398601007,0.016538192398601007,0.04562974810812217,0.6375567895002869,1,0,0.02009816457727324,0.1317377265131654,0.011580911827601632,-0.0018570680158518371,0.009853567979081927,-0.005970524761323759,,,-8.51725274967161e-05,-1.7273438485197047e-05,,,57.01859383059434,7.018593830594341,-0.3264845299972876,-0.4288568195313882,0.1023722895341006,0.3333855624156786,25.700441739279732,1.6135434777103435,0.03716586696084556,0.5774739950083272,0.0015506512306632484,0.6632653061224489,1,,,,,0,0,,,0,0,,,0,0,0.06709715105449532,-0.07039096931774876,-1,20,0,0.0015893248962333285,-1,-1,-1,-1,100,-1,0,0,0,11,3,6,8,0.00048140420770293623,0.0002798593839037864,-0.0005675502238183926,-0.0003639323675458767,NEUTRAL,0.0006037131236315324,0.0001649212501031562,0.0006080895255195866,0.0001649212501031562,0.0006080895255195866,0.0006923928461032086,0.0006714321844280166,0.0006923928461032086
2026-08-06T12:15:00+00:00,XAUUSD,15m,113,0.010292481468909959,0.015081824076408777,0.015081824076408777,0.04045612962172752,0.6272054638585872,1,0,0.04324486466165058,0.5044408882577045,0.04229392409755322,0.17596637646965974,0.0426416433472631,0.08587296702080494,,,-9.509405640973683e-06,3.4771924970988358e-06,,,67.24430857137423,17.244308571374233,0.1539424581142157,-0.21249486699952014,0.36643732511373583,0.26406503557963523,27.012616835121253,1.6656913340122468,0.038353684984956095,0.8919525505118826,0.0013036837967114149,0.93,1,,,,,0,0,,,0,0,,,0,0,0.032305036914784875,-0.1051352805081079,-1,23,1,0.036357557582607274,-1,-1,-1,0,100,-1,0,0,0,12,3,6,8,0.00010108275984032738,-0.0004361064855065567,-0.0006677448827715457,-0.0009339218084556732,NEUTRAL,0.00026019024742483245,0.00013792385682058814,0.00026019024742483245,0.0006018914219188819,0.00026019024742483245,0.0010398399622746296,0.00032351088286019884,0.0010508922913687287
2026-08-06T13:00:00+00:00,XAUUSD,15m,116,0.0021640785974940645,0.010452039183650456,0.010452039183629518,0.023068156964774038,0.546906187624303,1,0,0.04428392149490008,0.6285755374747168,0.051618525228899,0.26868690190985944,0.05494923518925442,0.13911388227916177,,,7.33460373399892e-05,3.3307099603554156e-05,,,71.00096120087314,21.000961200873135,0.5530202843947336,0.11234476338932314,0.44067552100541046,0.07423819589167463,29.92442112758553,1.586250678143227,0.03651884194498238,0.9299029495058706,0.0014783014932076917,0.51,1,,,,,0,0,,,0,0,,,0,0,0.016783120186945756,-0.12063587075385405,-1,26,1,0.05186882000158374,-1,-1,1,1,50,-1,0,0,0,13,3,6,8,-0.00033796461501268456,-0.0009333164504506781,-0.0004153189138167411,-0.0010053756633244576,NEUTRAL,0.00010498083409117471,0.0004949754238945671,0.00010498083409117471,0.0010788162029628757,0.00010498083409117471,0.0011948476511688558,0.00016829164412433708,0.001205898265283661
2026-08-06T13:45:00+00:00,XAUUSD,15m,119,0.007229857191907478,0.013239388169877195,0.013239388169877195,0.03370863353166187,0.39275956284142144,0,1,0.02191781778911756,0.4226255924359066,0.03388543563682014,0.2214493771080015,0.03949130433038948,0.12265522101188253,,,0.0001196761784770258,5.6058686935693405e-05,,,63.14794591850087,13.147945918500866,0.6611705429240828,0.3765544325604822,0.2846161103636006,-0.15605941064180984,30.506712217060457,1.5091795699273427,0.03474889416403954,0.7513482999804986,0.001680489509874822,0.08,1,,,,,0,0,,,0,0,,,0,0,0.02942597927149858,-0.10801038244332342,-1,29,1,0.03923463902862987,-1,-1,1,1,50,-1,0,0,0,13,3,6,8,-0.0005862170831392977,-0.0009626762076220621,6.26280622992499e-05,-0.0005238192710691361,NEUTRAL,0.00014643914567043733,0.0007494644955298322,0.00014643914567043733,0.0010600720545065289,0.00020238995132738232,0.0010685913129811215,0.00029472029317316245,0.0010796433239750576
2026-08-06T14:30:00+00:00,XAUUSD,15m,122,0.012552868883328403,0.016376311515684985,0.016376311515664037,0.04530549191467743,0.3614641586169087,0,1,-0.011691938531421827,-0.004465507125132717,-0.0011865845582022113,0.05919588821234356,0.004746598548897264,0.04506715444586007,,,0.00010505353973219615,5.9331831070994756e-05,,,46.50517079616399,-3.4948292038360123,0.42254016747574497,0.4420339404630068,-0.019493772987261848,-0.3041098833508625,25.97150816270774,1.5766084238813247,0.036313685918037936,0.4928877059264999,0.0015301495241161441,0.44,1,,,,,0,0,,,0,0,,,0,0,0.06315590179465003,-0.07432680346145618,,,1,0.008545163955441106,-1,-1,1,1,75,-1,0,0,0,14,3,6,8,-0.0005557811489075564,-0.00046917787000602597,0.0005182377061923878,0.00018149836110215243,NEUTRAL,0.00016583606598162277,0.0006870680344762276,0.00016583606598162277,0.0007317516411435779,0.0006179696736507435,0.0007317516411435779,0.0006320196736854317,0.0007428073788756303
2026-08-06T15:15:00+00:00,XAUUSD,15m,125,0.010691020073080074,0.01564483325349831,0.01564483325349831,0.04198068658007669,0.3726673984632513,0,1,-0.03774623467490603,-0.4154005953323576,-0.03387497938646454,-0.1273122626107579,-0.029717049482035806,-0.050172931123597664,,,3.87125528844149e-05,4.157929904428736e-05,,,34.604168019678426,-15.395831980321574,-0.027212207416596357,0.27834246464631063,-0.305554672062907,-0.28606089907564514,26.273956970034053,1.6443388146018172,0.037887196710894244,0.1595251686760953,0.001239789247294784,0.77,1,,,,,0,0,,,0,0,,,0,0,0.09879977170984561,-0.03873190677339472,,,-1,-0.027073165055738976,-1,-1,1,1,75,-1,0,0,0,15,3,6,8,-0.00025091639783588447,0.00026358894318098935,0.0006274061995474187,0.0007898451898819364,NEUTRAL,0.00014561906651257013,0.0003757985719654986,0.0004287928525000688,0.0003757985719654986,0.0009884585369292864,0.0003757985719654986,0.0009884585369292864,0.00038685824790311705
2026-08-06T16:00:00+00:00,XAUUSD,15m,128,0.00527771984066055,0.011477312142548967,0.011477312142548967,0.028232344125758486,0.40653061224474646,0,1,-0.04820565115254479,-0.6425801407385734,-0.05315442278529163,-0.25983718467159633,-0.052147711535404144,-0.12306039390023216,,,-4.9487716327468434e-05,1.0067112498874977e-05,,,28.283131004328908,-21.716868995671092,-0.4824107322647251,-0.033768930343913095,-0.448641801920812,-0.143087129857905,29.31244781729237,1.6126703264140072,0.03716690907488963,0.02489072938842819,0.0013742922229442686,0.58,1,,,,,0,0,,,0,0,,,0,0,0.12408403328420556,-0.013482384745777223,,,-1,-0.05233930898744366,-1,-1,1,0,75,-1,0,0,0,16,3,6,8,0.00024913603265275274,0.0009108099917147233,0.00046831121031486617,0.0010320362203690176,NEUTRAL,0.0004007840525284052,0.00012330044169210947,0.0010631494159362442,0.00012330044169210947,0.0012413012690727743,0.00012330044169210947,0.0012413012690727743,0.0001343629112270535
2026-08-06T16:45:00+00:00,XAUUSD,15m,131,0.005346565776355248,0.01235241058675467,0.01235241058675467,0.03005138694986459,0.5889570552147068,1,0,-0.03059654479136638,-0.5249851188136745,-0.04179201276844028,-0.25391451959967526,-0.04367949167899816,-0.1283312421728624,,,-0.00011195467977073905,-1.887478910557873e-05,,,32.54029267070386,-17.459707329296137,-0.6897031678608982,-0.33635173527047435,-0.3533514325904239,0.09529036933038809,31.298626044994858,1.5071500390421497,0.03473308973524243,0.188056413497338,0.0016493476608927503,0.03,1,,,,,0,0,,,0,0,,,0,0,0.11856931430753738,-0.01898952672293137,,,-1,-0.04682854162737578,-1,-1,-1,-1,100,-1,0,-1,0,16,3,6,8,0.0006019495606826389,0.0010649345022644976,4.678245054300362e-05,0.0007063458665745151,NEUTRAL,0.0007674165532441733,0.00013896461910099003,0.001172096273213044,0.00013896461910099003,0.001186154053918257,0.00013896461910099003,0.001186154053918257,0.0001894343563864305
2026-08-06T17:30:00+00:00,XAUUSD,15m,134,0.012832229769247689,0.01605756579743361,0.01605756579743361,0.04494736136411491,0.642747309072215,1,0,0.004178410782314912,-0.11002515170548577,-0.007123379188671809,-0.10525347955444886,-0.010067294115959911,-0.05937106335841236,,,-0.00011301789970986721,-2.9439149272881013e-05,,,49.83782049308007,-0.16217950691992655,-0.523103700655156,-0.46235633873450843,-0.06074736192064756,0.29260407066977634,27.177067019092227,1.561740756478023,0.0359795623467366,0.44088982148160644,0.0015923632414395305,0.37,1,,,,,0,0,,,0,0,,,0,0,0.08630077686826079,-0.05121372850457425,,,-1,-0.014974774416534092,-1,-1,-1,-1,100,-1,0,0,0,17,3,6,8,0.0006312443369434325,0.0006116619396294839,-0.0004024758600875469,4.14686060766462e-06,NEUTRAL,0.0007710856918794454,0.00016518328087162482,0.0008634685309724416,0.00016518328087162482,0.0008634685309724416,0.0005116765227559088,0.0008634685309724416,0.0005116765227559088
2026-08-06T18:15:00+00:00,XAUUSD,15m,137,0.013402640181952002,0.016096985373171967,0.016096985373151018,0.04559661092827499,0.6469696969695167,1,0,0.03700513917988757,0.36944795210638404,0.03184579944947385,0.10291934010365367,0.030234754470076477,0.04509326555580628,,,-5.159339730413715e-05,-1.611044979397377e-05,,,64.33434509085856,14.334345090858562,-0.06949369665017002,-0.33939378062404274,0.2699000839738727,0.3306474458945203,26.65831999091521,1.653011094016912,0.038066517027269355,0.7874646265813606,0.0013233882657066464,0.83,1,,,,,0,0,,,0,0,,,0,0,0.04492878177830518,-0.09252888015644771,,,1,0.026367737127718328,-1,-1,-1,-1,100,-1,0,0,0,18,3,6,8,0.00033598714820368527,-0.00017939272683382238,-0.0006298319741857948,-0.0007097411862672991,NEUTRAL,0.00043570094887003893,0.00015221898900800616,0.0004497483896107038,0.0003424351537895574,0.0004497483896107038,0.0009248282297368251,0.0004497483896107038,0.0009248282297368251
2026-08-06T19:00:00+00:00,XAUUSD,15m,140,0.007090760117973506,0.012431852154888071,0.012431852154888071,0.03195446442774965,0.6109510086455369,1,0,0.050692370918980004,0.6580066411288499,0.05469911327248141,0.25992592173224693,0.05609143214293331,0.12948956321906735,,,4.0067423535014034e-05,1.3923188704518967e-05,,,71.44514015800101,21.44514015800101,0.43104886458786495,-0.029796495794154762,0.46084536038201973,0.190945276408147,29.571374998896477,1.6447967833655588,0.037866426732661974,0.9767552985115833,0.0013839766671926847,0.76,1,,,,,0,0,,,0,0,,,0,0,0.016069320007623032,-0.12134869020077052,-1,0,1,0.05520663234708392,-1,-1,-1,1,75,-1,0,0,0,19,3,6,8,-0.00019960029293110608,-0.0008736829431072778,-0.0005347998621444372,-0.0010811106985066153,NEUTRAL,0.00016115363904502372,0.0003444083485871051,0.00016115363904502372,0.0010311530704025826,0.00016115363904502372,0.001213026463038912,0.00016115363904502372,0.001213026463038912
2026-08-06T19:45:00+00:00,XAUUSD,15m,143,0.005410194002642766,0.011372918456648843,0.011372918456627905,0.028156030915919512,0.40392477514284936,0,1,0.03621966870957588,0.599658519760851,0.04754814828085376,0.2816288966214415,0.05200248255519938,0.14862600706237572,,,0.00011328479571277874,4.45433427434563e-05,,,69.1310005833727,19.131000583372696,0.7102047153412059,0.30415598100349084,0.40604873433771504,-0.054796626044304686,32.07613739396092,1.5294411563607984,0.03521095051723293,0.8426688315656752,0.001687647265475781,0.18,1,,,,,0,0,,,0,0,,,0,0,0.016737068255004355,-0.12068185941231456,-1,0,1,0.05453935996715659,-1,1,1,1,50,0,0,0,0,19,3,6,8,-0.0006043301811471084,-0.0010894058732145143,-0.0001758888603415107,-0.0008536595473117158,NEUTRAL,0.00013030509810634083,0.0007700893165475169,0.00013030509810634083,0.001206358152080273,0.00013030509810634083,0.001206358152080273,0.00013030509810634083,0.001206358152080273
2026-08-06T20:30:00+00:00,XAUUSD,15m,146,0.012827430527504442,0.015590970317963214,0.015590970317963214,0.04400937116343087,0.3542647828360331,0,1,8.40321865131906e-05,0.17460747079530847,0.01234858717162317,0.13411870290292427,0.018033811873427834,0.0807324151173816,,,0.0001226455498510998,5.685224701804664e-05,,,52.17211579760681,2.172115797606807,0.5824087285882342,0.4704651300202101,0.1119435985680241,-0.29410513576969094,28.0441012785037,1.5680707800745977,0.03611188329190552,0.5957851614507578,0.0017064808915467054,0.4,1,,,,,0,0,,,0,0,,,0,0,0.04891465429155174,-0.08859447978320382,-1,6,1,0.01926417528947348,-1,1,1,1,50,0,0,0,0,20,3,6,8,-0.0006494318507632573,-0.0006848972780743403,0.0003196494357659691,-0.00013472256478601715,NEUTRAL,0.00016304884763857562,0.0007965903446064646,0.00016304884763857562,0.0008854842078668641,0.0004290395524724317,0.0008854842078668641,0.0004290395524724317,0.0008854842078668641
2026-08-06T21:15:00+00:00,XAUUSD,15m,149,0.013823524736169133,0.016403916020233365,0.016403916020233365,0.04663135677663586,0.3517786561263508,0,1,-0.034550169934468716,-0.3267262021172428,-0.02797688206498306,-0.07947646623233595,-0.02351958598205462,-0.026075081305862113,,,6.573287869485655e-05,4.4572960829284374e-05,,,37.326315511958924,-12.673684488041076,0.13861979480134323,0.37676632476641386,-0.23814652996507063,-0.35009012853309474,26.68969550188485,1.661477953288564,0.038279135976450336,0.27470205338320264,0.0014501503911240044,0.89,1,,,,,0,0,,,0,0,,,0,0,0.09109702801131393,-0.0464700823213897,-1,9,-1,-0.022889453042304244,-1,1,1,1,75,0,0,0,0,21,3,6,8,-0.00035503419364022435,9.192643949554778e-05,0.000635651745784462,0.0006485537022049927,NEUTRAL,0.00015758818199227784,0.00046424003905593116,0.0002515881501982531,0.00046424003905593116,0.000850837947510743,0.00046424003905593116,0.000850837947510743,0.00046424003905593116
2026-08-06T22:00:00+00:00,XAUUSD,15m,152,0.007582203531226315,0.01334375636650951,0.01334375636650951,0.03426971626424534,0.38937457969068356,0,1,-0.05016167093977649,-0.6420558276995507,-0.05271529774424502,-0.24594244126183185,-0.05127255324667232,-0.11507900052220066,,,-2.5536268044685386e-05,1.442744497572706e-05,,,29.784943933794352,-20.215056066205648,-0.3744120668652613,0.07880805115541775,-0.4532201180206791,-0.21507358805560844,29.143308181587525,1.6686057082269419,0.03845503979681865,0.047370545530655936,0.0014081083861493405,0.94,1,,,,,0,0,,,0,0,,,0,0,0.12152267240179637,-0.016086255516118062,-1,12,-1,-0.05329436372636956,-1,1,1,0,75,0,0,0,0,22,3,6,8,0.00013482033634563517,0.0007644428301853761,0.0006104941384264767,0.0010921599554561854,NEUTRAL,0.00027194529382522435,0.00016040163093426407,0.0009262272338001802,0.00016040163093426407,0.0011550761124175099,0.00016040163093426407,0.0011891845052024181,0.00016040163093426407
2026-08-06T22:45:00+00:00,XAUUSD,15m,155,0.0028347486718647633,0.010347984989190259,0.010347984989211221,0.023530718650266243,0.5602350636633372,1,0,-0.038437896975908485,-0.6077452674862798,-0.048597122968007424,-0.2777401623216065,-0.050342381971590605,-0.13941097516908485,,,-0.00010159225992098934,-1.7452590035831807e-05,,,30.344940439362233,-19.655059560637767,-0.6794783253044443,-0.25933666100697994,-0.42014166429746436,0.03307845372321472,31.74165364347039,1.5423566840286205,0.03554628911875086,0.14111099705774013,0.0016749571540026291,0.27,1,,,,,0,0,,,0,0,,,0,0,0.1238070720756813,-0.013804995564659122,-1,15,-1,-0.055024084992695975,-1,1,-1,-1,100,0,0,-1,0,22,3,6,8,0.0005413678561164911,0.0010394078463539067,0.00026549841219505275,0.0009151859330090232,NEUTRAL,0.0007063824942514753,0.00012122583751263018,0.0011661649007873457,0.00012122583751263018,0.0011779187367437762,0.00012122583751263018,0.0012240122110831516,0.00012445238071641788
2026-08-06T23:30:00+00:00,XAUUSD,15m,158,0.012073129062427811,0.015022290360137377,0.015022290360137377,0.042117709782702566,0.6433260393871909,1,0,-0.005128608900136796,-0.23723105384851806,-0.017170185147860718,-0.15541024460435438,-0.02054181265874638,-0.08480123943900253,,,-0.00012041576247723922,-3.371627510885663e-05,,,45.50787693716305,-4.492123062836953,-0.6077429122542526,-0.45218827473345846,-0.15555463752079413,0.26458702677667023,28.828948748117966,1.553257884406228,0.03578756279711886,0.3677564578281019,0.0017426468080015648,0.34,1,,,,,0,0,,,0,0,,,0,0,0.09593990346567163,-0.04163386300730561,-1,18,-1,-0.027176060551836436,-1,1,-1,-1,100,0,0,0,0,23,3,6,8,0.0006154070176676136,0.0007501929051013608,-0.00026381169420780737,0.00022786879089236497,NEUTRAL,0.0007690859696647997,0.00015966943588288364,0.0008992637925707972,0.00015966943588288364,0.0008992637925707972,0.0003831605654739282,0.0009453444378472473,0.00040274483971644565
2026-08-07T00:15:00+00:00,XAUUSD,15m,161,0.012552099851149894,0.016559559253167353,0.016559559253167353,0.0456712183574846,0.6374180534543683,1,0,0.027977897389269486,0.24863407857174025,0.02058781177664302,0.04687388811726123,0.017947049425271883,0.01519727747017896,,,-7.39008561262646e-05,-2.640762351371141e-05,,,60.3034047936248,10.3034047936248,-0.21256690977224935,-0.39623740819821973,0.18367049842597039,0.3392251359467645,26.318302143990763,1.6384032696940554,0.0377346815369679,0.6588939706952437,0.0014884614058285881,0.7,1,,,,,0,0,,,0,0,,,0,0,0.057071749414946985,-0.08044859592672597,-1,21,1,0.011665391880000663,-1,-1,-1,-1,75,-1,0,0,0,0,4,7,8,0.00040120656771931316,9.120424845965715e-05,-0.0006287565613512031,-0.0005433101568598788,NEUTRAL,0.0005106056031191032,0.00016168025863319045,0.0005106056031191032,0.00016168025863319045,0.0005106056031191032,0.0007908974475017513,0.0005566683548663942,0.0007908974475017513
2026-08-07T01:00:00+00:00,XAUUSD,15m,164,0.008588017160389441,0.014159867436006762,0.014159867436006762,0.036907752032402964,0.6163443543357725,1,0,0.04611273340627355,0.5699768000131371,0.04700486351056284,0.21035891220708436,0.04687540730473305,0.10132219334991532,,,8.921301042892901e-06,-1.294562058297919e-06,,,68.78389786270188,18.783897862701878,0.2745136333769551,-0.13563807096865024,0.41015170434560533,0.22648120591963494,28.088711393864703,1.6641064079876113,0.03831467664475175,0.9335285975885615,0.0013270485802427505,0.89,1,,,,,0,0,,,0,0,,,0,0,0.025787075655823832,-0.11169027143431093,-1,24,1,0.042928573714535685,-1,-1,-1,0,50,-1,0,0,0,1,4,7,8,-1.7268131019694095e-05,-0.0006009309594796587,-0.0006409930234449553,-0.0010128334447320438,NEUTRAL,0.0001977776606101887,0.00014551278405799617,0.0001977776606101887,0.0007653235667855383,0.0001977776606101887,0.0011033184512743697,0.000243826009995551,0.0011166724725961354
2026-08-07T01:45:00+00:00,XAUUSD,15m,167,0.0003683555847088033,0.00930097851357797,0.00930097851357797,0.018970312611864742,0.4902912621355955,0,1,0.04059017290426069,0.6077098446485252,0.0492771991882156,0.26912519062989304,0.05216158025538025,0.13821575722613488,,,8.68702628395492e-05,2.884381067164647e-05,,,70.66372781783724,20.66372781783724,0.6154777174324408,0.1919810884997512,0.42349662893268963,0.013344924587084306,30.762168305412946,1.5462389862786952,0.03559786036695803,0.8923214202168834,0.0015628683860179533,0.27,1,,,,,0,0,,,0,0,,,0,0,0.01731271248074841,-0.12015298728321527,-1,27,1,0.05139711517717474,-1,-1,1,1,50,-1,0,0,0,1,4,7,8,-0.0004309760340950616,-0.0009860418557847267,-0.0003151742471559351,-0.000941839185621136,NEUTRAL,0.00011119734213031883,0.0005932827136019733,0.00011119734213031883,0.0011214125331606578,0.00011119734213031883,0.0011879467606464213,0.00015908356814078815,0.0012012996505916705
2026-08-07T02:30:00+00:00,XAUUSD,15m,170,0.009210677201216827,0.014299576354904307,0.014299576354904307,0.03780982991102544,0.37819732034114534,0,1,0.013664492280971463,0.3266668636706527,0.025576854479782654,0.18667065873887623,0.030372587050721923,0.10368906855455862,,,0.00011912362198811193,4.79573257093927e-05,,,58.982447333844966,8.982447333844966,0.6320271932981996,0.416113002895512,0.21591419040268756,-0.20758243853000208,29.316906127541206,1.5173174390868367,0.03493880285804635,0.6926346794904874,0.0016900655582566977,0.1,1,,,,,0,0,,,0,0,,,0,0,0.036727575339891363,-0.10076480858140842,,,1,0.035000573364665825,-1,-1,1,1,50,-1,0,0,0,2,4,7,8,-0.000604450691330404,-0.0008752446010465138,0.0001823714085843445,-0.0003520781360169373,NEUTRAL,0.00015473937698048457,0.0007631046061215785,0.00015473937698048457,0.000984851659741015,0.0003110906224713025,0.000994062336942232,0.00035322947066690615,0.0010074178188840066
2026-08-07T03:15:00+00:00,XAUUSD,15m,173,0.012945744201766984,0.016562259930734534,0.016562259930734534,0.04607026406323605,0.35950000000002547,0,1,-0.02011741721032292,-0.12424403218756197,-0.011219916672431694,0.006826517175795743,-0.006635418225486679,0.016072902510131826,,,8.897500537891225e-05,4.5844984469450144e-05,,,42.6537437138062,-7.3462562861938,0.3172594789039067,0.42018549264838556,-0.10292601374447885,-0.3188402041471664,25.573889446841537,1.5999451216011988,0.03685494711942677,0.4107299960962793,0.0014626314244198582,0.5,1,,,,,0,0,,,0,0,,,0,0,0.07338993065274893,-0.06415284270805284,,,0,-0.0016354943742428684,-1,-1,1,1,25,-1,0,0,0,3,4,7,8,-0.0004890358530311567,-0.0002881695017153789,0.0005931546498143317,0.0003694835177872151,NEUTRAL,0.00016447084270573929,0.0006083578369549448,0.00016447084270573929,0.0006279376991818286,0.0007198478759880633,0.0006279376991818286,0.0007198478759880633,0.0006412980757601653
2026-08-07T04:00:00+00:00,XAUUSD,15m,176,0.009263187195419001,0.01488561922447147,0.01488561922447147,0.039034425644361936,0.38134592680042473,0,1,-0.04181225504623199,-0.4947852085915656,-0.040394579565030696,-0.17005105940188514,-0.037984263255555664,-0.075630961016941,,,1.4176754812012943e-05,2.41031630947503e-05,,,32.592005979559886,-17.407994020440114,-0.15229750401704223,0.20666649053888952,-0.35896399455593175,-0.2560379808114529,26.983399926972634,1.6473569359175535,0.037959640982772394,0.0931765160610789,0.001229931127797053,0.79,1,,,,,0,0,,,0,0,,,0,0,0.10650360999309635,-0.03108467543935412,,,-1,-0.0347254306056997,-1,1,1,1,75,-1,1,0,2,4,4,7,8,-0.00013503053971435745,0.00044080788817986346,0.0006170849579434903,0.0008931371534687073,NEUTRAL,0.0001354913947985909,0.0002972515294051959,0.0006067157185456176,0.0002972515294051959,0.0010509800198581752,0.0002972515294051959,0.0010509800198581752,0.0003106163268513197
2026-08-07T04:45:00+00:00,XAUUSD,15m,179,0.002811740167558933,0.01016374929417955,0.01016374929417955,0.023139238755918033,0.43924302788829195,0,1,-0.04573625092716372,-0.6390780418678332,-0.05280563480661971,-0.27081731074395066,-0.05356626924601887,-0.13321184376673045,,,-7.069383879456e-05,-7.606344393991573e-06,,,28.029978654254933,-21.970021345745067,-0.5603712073589122,-0.11697554653693272,-0.4433956608219795,-0.08443166626604776,30.151093046315676,1.5754330131963352,0.03630908429911235,0.05368064896795865,0.001451713931406454,0.41,1,,,,,0,0,,,0,0,,,0,0,0.12516853155718538,-0.012445407299000073,,,-1,-0.05337696908237716,-1,1,1,-1,50,-1,0,0,0,4,4,7,8,0.00035192846195509136,0.000989179409765121,0.00037820209958642787,0.0009951716429090474,NEUTRAL,0.000510492169764608,0.00011085631316326927,0.0011327625347146116,0.00011085631316326927,0.0012376266147339544,0.00011085631316326927,0.0012376266147339544,0.0001242236024844167
2026-08-07T05:30:00+00:00,XAUUSD,15m,182,0.00753543034912376,0.013503859891698125,0.013503859891677164,0.034543150132499055,0.6090727151432156,1,0,-0.022907956682613303,-0.4403822793619838,-0.03487328777087666,-0.22788376862445148,-0.03813211146889399,-0.11947066225729941,,,-0.00011965331088263359,-3.2588236980173244e-05,,,36.13480607314063,-13.86519392685937,-0.6787717574861745,-0.386572713890563,-0.29219904359561144,0.15119661722636807,30.940936317925026,1.5056003389184696,0.0346952491973377,0.24254236026765857,0.001665672453270443,0.01,1,,,,,0,0,,,0,0,,,0,0,0.11247839612859346,-0.025118101163731893,,,-1,-0.040695932711133115,-1,1,1,-1,50,-1,0,0,0,5,4,7,8,0.0006360179744210665,0.0010017283097130435,-7.489342090098354e-05,0.0005489111648806561,NEUTRAL,0.000798709528747632,0.00014863463532675114,0.0010987440949418203,0.00014863463532675114,0.0011107270422859106,0.0002124668740637333,0.0011107270422859106,0.00025095057034219193
2026-08-07T06:15:00+00:00,XAUUSD,15m,185,0.013545063250601825,0.016447576804329154,0.016447576804308202,0.046440216859239186,0.6458333333330044,1,0,0.012920686610354861,0.010013815555794281,0.002500878205058179,-0.0568910712700017,-0.0011927024988682361,-0.03796698646056029,,,-0.00010419808405296684,-3.693580703926415e-05,,,53.977882227243136,3.9778822272431356,-0.4294031763820385,-0.45279925788594366,0.023396081503905153,0.3155951250995166,26.443581942077476,1.58288044628425,0.036462951978011165,0.5170450195574772,0.0015184151356685274,0.45,1,,,,,0,0,,,0,0,,,0,0,0.07638678527045123,-0.061160107024422476,,,-1,-0.005286721115679472,-1,1,-1,-1,75,-1,0,0,0,6,4,7,8,0.0005788902032106936,0.00044113598851893804,-0.0004899719308509543,-0.0001886633809904955,NEUTRAL,0.0007076604473787231,0.0001658579173542311,0.0007498160013729602,0.0001658579173542311,0.0007498160013729602,0.00061137071202563,0.0007498160013729602,0.00061137071202563
2026-08-07T07:00:00+00:00,XAUUSD,15m,188,0.01229623141230394,0.01549693584360148,0.01549693584360148,0.0432901030995069,0.6420212765957123,1,0,0.04212628525085641,0.46043761590499344,0.03892619098479088,0.14708046193663904,0.037101884495829025,0.06596559549598169,,,-3.200094266065534e-05,-1.8243064889618494e-05,,,66.6918858529427,16.691885852942704,0.056481965193597716,-0.27539511461659333,0.33187707981019104,0.3084809983062859,27.072141086883196,1.6603539870576782,0.038232391107146185,0.8687210518318229,0.0012760800933297707,0.86,1,,,,,0,0,,,0,0,,,0,0,0.03654329447817336,-0.10094883616399983,,,1,0.03452846255198608,-1,1,-1,-1,75,-1,0,0,0,7,4,7,8,0.00022474010970830474,-0.0003656632112874196,-0.0006366868886710763,-0.0008344858171950584,NEUTRAL,0.00035138668792483366,0.00014345603314354596,0.00035138668792483366,0.0005312248289925308,0.00035138668792483366,0.001009258095134103,0.00035138668792483366,0.001009258095134103
2026-08-07T07:45:00+00:00,XAUUSD,15m,191,0.004719388606657543,0.01116538280111305,0.011165382801133989,0.027050154208904584,0.5872340425535341,1,0,0.049433492866122204,0.6711741288727353,0.05533793081041443,0.2757246554219819,0.05670398534710879,0.1371603379420776,,,5.90443794429223e-05,1.3660545366943608e-05,,,72.11269679859981,22.112696798599814,0.5215788778441492,0.05414124425828405,0.4674376335858652,0.13556055377567416,30.187341876248627,1.614071322727996,0.0371581941991116,0.9655433996987808,0.001442354412073208,0.59,1,,,,,0,0,,,0,0,,,0,0,0.013766801886741495,-0.12369402431015779,-1,1,1,0.05728877340328431,-1,1,1,1,75,-1,0,0,0,7,4,7,8,-0.00030986814949099855,-0.0009758774782258891,-0.000457205159650191,-0.001070725678515881,NEUTRAL,0.00012362496008648508,0.0004631907256878683,0.00012362496008648508,0.0011262072714039201,0.00012362496008648508,0.0012367100290231574,0.00012362496008648508,0.0012367100290231574
2026-08-07T08:30:00+00:00,XAUUSD,15m,194,0.007758839609139679,0.012616748088430845,0.012616748088430845,0.032992335786001366,0.38241451500333373,0,1,0.029235229694752642,0.5274710452367799,0.04129931112690615,0.2599517228354671,0.04548519937391817,0.13747891610728402,,,0.0001206408143215351,4.185888247012017e-05,,,66.42363562272766,16.42363562272766,0.7162904249726125,0.3627310493140075,0.353559375658605,-0.1138782579272602,31.830943005934135,1.5164769300412944,0.03491424709535739,0.7947601593216511,0.001713353848013175,0.09,1,,,,,0,0,,,0,0,,,0,0,0.02182605326248431,-0.11564584972302182,-1,4,1,0.04923524778671668,-1,1,1,1,75,-1,0,0,0,8,4,7,8,-0.0006543211326155241,-0.001052393348763504,-5.525583104419516e-05,-0.0007132606857294579,NEUTRAL,0.00014113260179224215,0.0008191676952309366,0.00014113260179224215,0.0011562282646008202,0.00014113260179224215,0.0011562282646008202,0.00016047214265768953,0.0011562282646008202
2026-08-07T09:15:00+00:00,XAUUSD,15m,197,0.0138881403572791,0.016168282804000005,0.016168282804000005,0.04622470596527911,0.34977578475338555,0,1,-0.008869750559613481,0.05592245970001386,0.002500582352370647,0.0862367734853251,0.007397299826987138,0.05544068075232644,,,0.00011370332911984129,4.89671747461649e-05,,,48.09133548868916,-1.908664511310839,0.5005981847853036,0.4719838213105688,0.028614363474734783,-0.32494501218387023,27.336712365129525,1.585303504118382,0.03651230111787743,0.5271768339943511,0.001645873960280338,0.48,1,,,,,0,0,,,0,0,,,0,0,0.05866184658373582,-0.07886068421777476,-1,7,1,0.010122450558899718,-1,1,1,1,75,-1,0,0,0,9,4,7,8,-0.0006124140167495236,-0.0005288087937033697,0.0004187170674881193,6.0573481160247026e-05,NEUTRAL,0.00016559822416058537,0.0007499135158090806,0.00016559822416058537,0.0007883765247588403,0.0005288087937033697,0.0007883765247588403,0.0005288087937033697,0.0007883765247588403
2026-08-07T10:00:00+00:00,XAUUSD,15m,200,0.013018355189588942,0.015990687613380777,0.015990687613380777,0.0449997304163505,0.35535074244735065,0,1,-0.040667226243815156,-0.4281416530520801,-0.03620343141783429,-0.12819052880058734,-0.033033204111608795,-0.053171873953033355,-0.03009242753627589,,4.463794825980863e-05,3.170227306225496e-05,2.940776575332903e-05,1,34.69610060706552,-15.303899392934483,0.012734254938550293,0.3202360723343133,-0.307501817395763,-0.33611618087049777,27.299182210061815,1.6717958449518515,0.03852041082131424,0.1932232676752107,0.001392354946068267,0.97,1,,,,,0,0,,,0,0,,,0,0,0.10034502097453964,-0.03723479997585234,-1,10,-1,-0.0315320691627307,-1,1,1,1,50,-1,1,0,2,10,4,7,8,-0.00025068974241162107,0.0002836388537763984,0.0006599038807602737,0.00079423487324733,NEUTRAL,0.0001504599281203033,0.0003721175863922893,0.000447462757135558,0.0003721175863922893,0.0009456164548323603,0.0003721175863922893,0.0009456164548323603,0.0003721175863922893
2026-08-07T10:45:00+00:00,XAUUSD,15m,203,0.005346924354617493,0.012168862324309108,0.012168862324309108,0.02968464900323571,0.4099378881988016,0,1,-0.05015378728752339,-0.6718239497131435,-0.054957121047269644,-0.2696801797437729,-0.054990905824302085,-0.13062558817637182,-0.053620422875293804,-0.06245959418720304,-4.803333759746242e-05,-3.378477703244624e-07,1.3704829490082905e-05,0,28.78500380797537,-21.21499619202463,-0.47690572410283494,-0.005574296546800181,-0.47133142755603474,-0.16382961016027175,30.13202688627897,1.6443226936440378,0.03789684938576141,0.044435857830144934,0.0014610082479557958,0.76,1,,,,,0,0,,,0,0,,,0,0,0.12533006310523329,-0.01228409776298874,-1,13,-1,-0.05649993558339263,-1,1,-1,-1,50,-1,0,0,0,10,4,7,8,0.0002502913728067504,0.0008886957030778618,0.0005471378628388979,0.0011101782162153333,NEUTRAL,0.0003973317925587315,0.0001226105067524862,0.0010449549579240036,0.0001226105067524862,0.0011954524408363738,0.0001226105067524862,0.0012247222422602454,0.0001226105067524862
