timestamp,open,high,low,close,volume,source
2026-02-19T12:00:00+00:00,5003.01,5027.5,4971.7,5019.7,1507942.0,real_delta_india
2026-02-19T16:00:00+00:00,5019.9,5019.9,4982.1,4993.3,1848433.0,real_delta_india
2026-02-19T20:00:00+00:00,4994.0,5013.24,4993.0,4994.1,200579.0,real_delta_india
2026-02-20T00:00:00+00:00,4992.8,5020.7,4991.2,4996.6,444597.0,real_delta_india
2026-02-20T04:00:00+00:00,4996.77,5036.1,4996.77,5013.5,1202507.0,real_delta_india
2026-02-20T08:00:00+00:00,5013.5,5048.0,5011.0,5025.0,1821884.0,real_delta_india
2026-02-20T12:00:00+00:00,5025.1,5075.6,5003.1,5053.5,4922125.0,real_delta_india
2026-02-20T16:00:00+00:00,5054.0,5088.7,5050.0,5087.8,2858424.0,real_delta_india
2026-02-20T20:00:00+00:00,5088.1,5119.0,5086.4,5113.6,506284.0,real_delta_india
2026-02-21T00:00:00+00:00,5113.7,5122.4,5110.8,5115.3,467118.0,real_delta_india
2026-02-21T04:00:00+00:00,5115.3,5120.7,5113.7,5119.7,651247.0,real_delta_india
2026-02-21T08:00:00+00:00,5119.8,5125.4,5117.7,5124.7,656748.0,real_delta_india
2026-02-21T12:00:00+00:00,5124.7,5140.0,5124.1,5129.5,875701.0,real_delta_india
2026-02-21T16:00:00+00:00,5129.4,5150.9,5129.4,5141.5,961409.0,real_delta_india
2026-02-21T20:00:00+00:00,5141.9,5148.2,5136.0,5138.8,213147.0,real_delta_india
2026-02-22T00:00:00+00:00,5138.9,5140.0,5121.0,5121.3,451664.0,real_delta_india
2026-02-22T04:00:00+00:00,5121.5,5136.2,5121.2,5132.8,721261.0,real_delta_india
2026-02-22T08:00:00+00:00,5132.7,5134.1,5124.4,5133.0,534647.0,real_delta_india
2026-02-22T12:00:00+00:00,5132.9,5163.8,5132.7,5151.1,1512032.0,real_delta_india
2026-02-22T16:00:00+00:00,5151.6,5157.5,5144.9,5145.6,808161.0,real_delta_india
2026-02-22T20:00:00+00:00,5147.2,5191.7,5131.43,5184.9,528779.0,real_delta_india
2026-02-23T00:00:00+00:00,5187.5,5192.9,5149.8,5180.1,1719531.0,real_delta_india
2026-02-23T04:00:00+00:00,5180.2,5183.0,5138.0,5150.4,1980741.0,real_delta_india
2026-02-23T08:00:00+00:00,5150.65,5176.4,5135.0,5164.1,1825476.0,real_delta_india
2026-02-23T12:00:00+00:00,5163.6,5220.3,5154.0,5211.9,5000702.0,real_delta_india
2026-02-23T16:00:00+00:00,5211.0,5234.6,5193.4,5227.7,3110592.0,real_delta_india
2026-02-23T20:00:00+00:00,5228.6,5267.0,5228.6,5252.5,877321.0,real_delta_india
2026-02-24T00:00:00+00:00,5251.5,5251.5,5155.2,5187.7,1740775.0,real_delta_india
2026-02-24T04:00:00+00:00,5187.6,5200.8,5174.0,5196.12,1749931.0,real_delta_india
2026-02-24T08:00:00+00:00,5196.4,5197.9,5180.3,5188.2,847911.0,real_delta_india
2026-02-24T12:00:00+00:00,5187.4,5188.8,5112.9,5166.2,4859180.0,real_delta_india
2026-02-24T16:00:00+00:00,5166.2,5186.2,5147.2,5170.58,3372640.0,real_delta_india
2026-02-24T20:00:00+00:00,5170.0,5189.4,5140.3,5163.2,841788.0,real_delta_india
2026-02-25T00:00:00+00:00,5162.8,5208.0,5154.7,5196.3,1448633.0,real_delta_india
2026-02-25T04:00:00+00:00,5195.3,5224.5,5186.66,5198.9,2087608.0,real_delta_india
2026-02-25T08:00:00+00:00,5199.0,5212.6,5171.4,5198.8,2631707.0,real_delta_india
2026-02-25T12:00:00+00:00,5198.2,5216.2,5174.6,5205.9,3748567.0,real_delta_india
2026-02-25T16:00:00+00:00,5205.8,5227.7,5198.1,5211.0,3153722.0,real_delta_india
2026-02-25T20:00:00+00:00,5211.4,5214.5,5157.0,5173.1,1024421.0,real_delta_india
2026-02-26T00:00:00+00:00,5173.3,5205.2,5166.0,5198.8,1008525.0,real_delta_india
2026-02-26T04:00:00+00:00,5198.7,5209.3,5187.4,5195.2,1359602.0,real_delta_india
2026-02-26T08:00:00+00:00,5195.19,5200.0,5170.2,5174.2,1214961.0,real_delta_india
2026-02-26T12:00:00+00:00,5174.2,5200.2,5140.3,5192.8,2566843.0,real_delta_india
2026-02-26T16:00:00+00:00,5193.1,5200.0,5171.1,5194.7,1762555.0,real_delta_india
2026-02-26T20:00:00+00:00,5194.3,5207.8,5188.06,5193.4,331488.0,real_delta_india
2026-02-27T00:00:00+00:00,5192.12,5208.73,5178.3,5195.7,561535.0,real_delta_india
2026-02-27T04:00:00+00:00,5196.1,5210.0,5187.9,5188.6,847772.0,real_delta_india
2026-02-27T08:00:00+00:00,5189.3,5198.4,5180.0,5198.4,829274.0,real_delta_india
2026-02-27T12:00:00+00:00,5198.61,5296.2,5195.3,5255.0,4042933.0,real_delta_india
2026-02-27T16:00:00+00:00,5255.0,5274.8,5236.2,5266.6,2427816.0,real_delta_india
2026-02-27T20:00:00+00:00,5265.9,5304.0,5264.4,5288.0,589688.0,real_delta_india
2026-02-28T00:00:00+00:00,5288.0,5303.9,5282.4,5303.4,413451.0,real_delta_india
2026-02-28T04:00:00+00:00,5303.9,5371.9,5302.6,5368.2,2564294.0,real_delta_india
2026-02-28T08:00:00+00:00,5368.3,5578.8,5366.2,5457.9,12293450.0,real_delta_india
2026-02-28T12:00:00+00:00,5461.0,5501.0,5375.3,5401.7,7602313.0,real_delta_india
2026-02-28T16:00:00+00:00,5404.0,5438.7,5387.5,5396.0,3339126.0,real_delta_india
2026-02-28T20:00:00+00:00,5396.6,5416.4,5353.2,5366.99,1207296.0,real_delta_india
2026-03-01T00:00:00+00:00,5367.6,5391.0,5284.9,5327.6,2122020.0,real_delta_india
2026-03-01T04:00:00+00:00,5327.6,5368.7,5319.8,5348.0,2205403.0,real_delta_india
2026-03-01T08:00:00+00:00,5348.0,5416.0,5348.0,5379.2,2898744.0,real_delta_india
2026-03-01T12:00:00+00:00,5381.64,5409.4,5375.1,5409.4,2477718.0,real_delta_india
2026-03-01T16:00:00+00:00,5410.0,5419.0,5378.41,5401.3,1699982.0,real_delta_india
2026-03-01T20:00:00+00:00,5403.42,5433.0,5378.7,5429.7,1773512.0,real_delta_india
2026-03-02T00:00:00+00:00,5430.6,5430.6,5339.6,5407.6,2255117.0,real_delta_india
2026-03-02T04:00:00+00:00,5406.9,5452.7,5376.2,5441.0,2846897.0,real_delta_india
2026-03-02T08:00:00+00:00,5441.3,5450.7,5405.6,5413.6,2678555.0,real_delta_india
2026-03-02T12:00:00+00:00,5414.3,5438.1,5319.3,5327.8,4939821.0,real_delta_india
2026-03-02T16:00:00+00:00,5327.3,5346.7,5274.0,5341.7,3797477.0,real_delta_india
2026-03-02T20:00:00+00:00,5341.6,5358.9,5328.0,5358.6,668725.0,real_delta_india
2026-03-03T00:00:00+00:00,5358.3,5391.8,5348.5,5369.5,1620791.0,real_delta_india
2026-03-03T04:00:00+00:00,5369.6,5377.0,5294.2,5339.0,3499093.0,real_delta_india
2026-03-03T08:00:00+00:00,5339.0,5347.2,5098.7,5164.4,7091453.0,real_delta_india
2026-03-03T12:00:00+00:00,5164.0,5235.6,5025.1,5109.7,10421994.0,real_delta_india
2026-03-03T16:00:00+00:00,5109.8,5162.0,5080.1,5127.1,6598620.0,real_delta_india
2026-03-03T20:00:00+00:00,5127.9,5149.9,5100.2,5141.6,897738.0,real_delta_india
2026-03-04T00:00:00+00:00,5141.6,5200.0,5122.9,5184.9,2002940.0,real_delta_india
2026-03-04T04:00:00+00:00,5185.0,5191.6,5136.9,5180.0,2525840.0,real_delta_india
2026-03-04T08:00:00+00:00,5179.7,5213.1,5161.3,5202.8,2935318.0,real_delta_india
2026-03-04T12:00:00+00:00,5204.3,5216.5,5139.0,5160.6,5743294.0,real_delta_india
2026-03-04T16:00:00+00:00,5160.7,5169.2,5116.87,5143.4,2548748.0,real_delta_india
2026-03-04T20:00:00+00:00,5144.3,5179.5,5133.6,5178.4,800984.0,real_delta_india
2026-03-05T00:00:00+00:00,5179.87,5201.6,5172.0,5188.9,922493.0,real_delta_india
2026-03-05T04:00:00+00:00,5188.5,5192.9,5130.9,5170.0,2119663.0,real_delta_india
2026-03-05T08:00:00+00:00,5169.8,5191.4,5148.3,5168.82,2159491.0,real_delta_india
2026-03-05T12:00:00+00:00,5169.9,5177.7,5071.38,5114.5,4902663.0,real_delta_india
2026-03-05T16:00:00+00:00,5114.5,5116.0,5062.4,5079.5,2742312.0,real_delta_india
2026-03-05T20:00:00+00:00,5080.7,5111.87,5077.1,5097.2,422884.0,real_delta_india
2026-03-06T00:00:00+00:00,5097.2,5149.43,5079.7,5139.0,1158390.0,real_delta_india
2026-03-06T04:00:00+00:00,5139.0,5143.5,5112.0,5126.4,1897281.0,real_delta_india
2026-03-06T08:00:00+00:00,5126.4,5130.0,5073.0,5086.3,2608746.0,real_delta_india
2026-03-06T12:00:00+00:00,5086.8,5178.6,5073.57,5149.9,6390500.0,real_delta_india
2026-03-06T16:00:00+00:00,5149.7,5182.7,5136.85,5167.4,3108497.0,real_delta_india
2026-03-06T20:00:00+00:00,5167.5,5187.7,5157.0,5180.4,650349.0,real_delta_india
2026-03-07T00:00:00+00:00,5180.4,5185.0,5160.1,5170.0,670186.0,real_delta_india
2026-03-07T04:00:00+00:00,5170.3,5185.3,5169.5,5181.0,837598.0,real_delta_india
2026-03-07T08:00:00+00:00,5180.6,5181.7,5173.4,5180.4,694343.0,real_delta_india
2026-03-07T12:00:00+00:00,5180.4,5182.4,5174.2,5179.9,431935.0,real_delta_india
2026-03-07T16:00:00+00:00,5180.0,5187.7,5165.3,5166.8,633609.0,real_delta_india
2026-03-07T20:00:00+00:00,5166.8,5176.6,5166.2,5171.2,155562.0,real_delta_india
2026-03-08T00:00:00+00:00,5171.2,5176.5,5168.8,5175.5,208353.0,real_delta_india
2026-03-08T04:00:00+00:00,5175.5,5177.4,5173.3,5176.9,213542.0,real_delta_india
2026-03-08T08:00:00+00:00,5177.0,5177.0,5168.0,5173.9,351031.0,real_delta_india
2026-03-08T12:00:00+00:00,5173.8,5175.5,5169.7,5171.5,240682.0,real_delta_india
2026-03-08T16:00:00+00:00,5174.9,5176.0,5161.9,5167.9,465649.0,real_delta_india
2026-03-08T20:00:00+00:00,5168.4,5190.0,5053.98,5084.0,1232663.0,real_delta_india
2026-03-09T00:00:00+00:00,5080.6,5108.3,5027.0,5098.0,1764060.0,real_delta_india
2026-03-09T04:00:00+00:00,5098.0,5148.3,5090.4,5108.4,1649810.0,real_delta_india
2026-03-09T08:00:00+00:00,5108.5,5138.1,5086.5,5094.8,2010277.0,real_delta_india
2026-03-09T12:00:00+00:00,5094.9,5120.9,5069.2,5105.0,3621382.0,real_delta_india
2026-03-09T16:00:00+00:00,5104.9,5149.0,5094.4,5144.4,2337589.0,real_delta_india
2026-03-09T20:00:00+00:00,5144.0,5157.1,5123.3,5141.4,577998.0,real_delta_india
2026-03-10T00:00:00+00:00,5142.0,5183.9,5127.8,5157.4,1172032.0,real_delta_india
2026-03-10T04:00:00+00:00,5157.4,5180.0,5151.06,5179.6,1298013.0,real_delta_india
2026-03-10T08:00:00+00:00,5179.6,5195.3,5155.2,5177.8,2283283.0,real_delta_india
2026-03-10T12:00:00+00:00,5177.3,5238.4,5167.4,5227.9,5353167.0,real_delta_india
2026-03-10T16:00:00+00:00,5228.3,5235.6,5161.4,5196.1,3622241.0,real_delta_india
2026-03-10T20:00:00+00:00,5196.6,5197.4,5184.2,5195.6,172156.0,real_delta_india
2026-03-11T00:00:00+00:00,5195.89,5220.0,5185.4,5202.1,1207769.0,real_delta_india
2026-03-11T04:00:00+00:00,5202.0,5207.1,5183.6,5192.5,1405915.0,real_delta_india
2026-03-11T08:00:00+00:00,5192.2,5196.6,5173.9,5178.5,1636298.0,real_delta_india
2026-03-11T12:00:00+00:00,5177.3,5196.7,5148.0,5166.1,3666280.0,real_delta_india
2026-03-11T16:00:00+00:00,5166.0,5181.9,5154.4,5181.4,1687186.0,real_delta_india
2026-03-11T20:00:00+00:00,5181.4,5181.4,5133.1,5133.3,493860.0,real_delta_india
2026-03-12T00:00:00+00:00,5133.3,5169.0,5125.5,5149.1,766438.0,real_delta_india
2026-03-12T04:00:00+00:00,5149.6,5180.83,5134.0,5178.7,2001283.0,real_delta_india
2026-03-12T08:00:00+00:00,5178.7,5187.2,5169.2,5173.8,1429157.0,real_delta_india
2026-03-12T12:00:00+00:00,5174.07,5181.5,5110.5,5131.8,3773467.0,real_delta_india
2026-03-12T16:00:00+00:00,5131.9,5138.65,5084.6,5091.4,2570833.0,real_delta_india
2026-03-12T20:00:00+00:00,5091.2,5109.9,5065.4,5107.6,759081.0,real_delta_india
2026-03-13T00:00:00+00:00,5107.38,5129.5,5106.6,5116.2,970859.0,real_delta_india
2026-03-13T04:00:00+00:00,5116.2,5118.0,5073.2,5084.9,1757439.0,real_delta_india
2026-03-13T08:00:00+00:00,5083.6,5103.28,5063.2,5103.28,2147980.0,real_delta_india
2026-03-13T12:00:00+00:00,5103.8,5117.3,5030.6,5036.5,4853541.0,real_delta_india
2026-03-13T16:00:00+00:00,5036.0,5066.0,5009.2,5019.7,3151630.0,real_delta_india
2026-03-13T20:00:00+00:00,5019.6,5030.6,5010.4,5027.3,432944.0,real_delta_india
2026-03-14T00:00:00+00:00,5027.3,5039.1,5026.7,5030.3,454733.0,real_delta_india
2026-03-14T04:00:00+00:00,5030.8,5045.87,5029.2,5029.5,420481.0,real_delta_india
2026-03-14T08:00:00+00:00,5029.5,5033.6,5025.9,5027.5,319081.0,real_delta_india
2026-03-14T12:00:00+00:00,5027.6,5029.2,5023.4,5028.2,268156.0,real_delta_india
2026-03-14T16:00:00+00:00,5027.7,5027.7,5021.1,5025.5,165468.0,real_delta_india
2026-03-14T20:00:00+00:00,5025.4,5025.5,5017.8,5019.1,88127.0,real_delta_india
2026-03-15T00:00:00+00:00,5019.2,5022.3,5017.6,5020.5,74786.0,real_delta_india
2026-03-15T04:00:00+00:00,5020.5,5021.6,5012.0,5012.3,324289.0,real_delta_india
2026-03-15T08:00:00+00:00,5012.4,5015.6,5003.3,5013.1,642393.0,real_delta_india
2026-03-15T12:00:00+00:00,5013.0,5013.5,4998.1,4998.3,507367.0,real_delta_india
2026-03-15T16:00:00+00:00,4998.3,4999.1,4985.0,4993.4,773147.0,real_delta_india
2026-03-15T20:00:00+00:00,4992.7,5024.1,4957.4,4987.5,1154857.0,real_delta_india
2026-03-16T00:00:00+00:00,4987.5,5022.3,4977.0,5008.1,1206717.0,real_delta_india
2026-03-16T04:00:00+00:00,5008.1,5028.3,4984.5,4987.6,2171230.0,real_delta_india
2026-03-16T08:00:00+00:00,4989.3,5011.1,4960.6,4988.2,2595559.0,real_delta_india
2026-03-16T12:00:00+00:00,4988.1,5028.5,4973.5,4976.2,4100355.0,real_delta_india
2026-03-16T16:00:00+00:00,4976.2,5010.0,4966.3,5001.9,2378387.0,real_delta_india
2026-03-16T20:00:00+00:00,5002.8,5010.1,4977.16,4998.7,404033.0,real_delta_india
2026-03-17T00:00:00+00:00,4999.1,5017.06,4980.5,5009.4,637407.0,real_delta_india
2026-03-17T04:00:00+00:00,5009.5,5029.1,4994.0,5009.3,1713267.0,real_delta_india
2026-03-17T08:00:00+00:00,5009.2,5016.9,4983.0,4993.9,1386989.0,real_delta_india
2026-03-17T12:00:00+00:00,4993.7,5021.1,4968.6,4989.9,3225766.0,real_delta_india
2026-03-17T16:00:00+00:00,4990.0,4998.9,4984.3,4991.0,1540693.0,real_delta_india
2026-03-17T20:00:00+00:00,4991.0,4996.3,4984.9,4991.4,178160.0,real_delta_india
2026-03-18T00:00:00+00:00,4991.3,5005.7,4977.5,4982.4,708964.0,real_delta_india
2026-03-18T04:00:00+00:00,4982.3,5003.7,4972.0,4985.9,1805662.0,real_delta_india
2026-03-18T08:00:00+00:00,4985.8,4987.7,4917.7,4923.4,3746665.0,real_delta_india
2026-03-18T12:00:00+00:00,4922.1,4924.5,4827.2,4852.5,7850236.0,real_delta_india
2026-03-18T16:00:00+00:00,4852.4,4889.5,4828.73,4832.6,3772769.0,real_delta_india
2026-03-18T20:00:00+00:00,4832.3,4837.3,4797.0,4825.9,1432349.0,real_delta_india
2026-03-19T00:00:00+00:00,4825.2,4853.3,4822.6,4838.1,1255154.0,real_delta_india
2026-03-19T04:00:00+00:00,4838.0,4842.7,4715.61,4715.7,4868108.0,real_delta_india
2026-03-19T08:00:00+00:00,4716.0,4728.3,4645.3,4647.2,5693226.0,real_delta_india
2026-03-19T12:00:00+00:00,4647.3,4648.3,4507.5,4599.4,14775049.0,real_delta_india
2026-03-19T16:00:00+00:00,4600.5,4669.2,4581.2,4649.5,6088429.0,real_delta_india
2026-03-19T20:00:00+00:00,4648.3,4683.5,4641.8,4650.4,1181141.0,real_delta_india
2026-03-20T00:00:00+00:00,4651.1,4737.6,4646.0,4728.2,3053040.0,real_delta_india
2026-03-20T04:00:00+00:00,4728.2,4729.6,4659.0,4707.8,5090482.0,real_delta_india
2026-03-20T08:00:00+00:00,4707.8,4734.8,4638.6,4671.5,6339978.0,real_delta_india
2026-03-20T12:00:00+00:00,4671.9,4695.2,4550.0,4561.6,10276866.0,real_delta_india
2026-03-20T16:00:00+00:00,4560.9,4617.8,4493.4,4515.1,9567819.0,real_delta_india
2026-03-20T20:00:00+00:00,4516.6,4527.0,4504.7,4509.1,1125496.0,real_delta_india
2026-03-21T00:00:00+00:00,4509.4,4528.8,4509.3,4515.1,627986.0,real_delta_india
2026-03-21T04:00:00+00:00,4515.0,4517.0,4504.2,4506.4,848908.0,real_delta_india
2026-03-21T08:00:00+00:00,4506.39,4509.9,4502.4,4504.7,682601.0,real_delta_india
2026-03-21T12:00:00+00:00,4504.5,4514.9,4503.0,4506.2,588379.0,real_delta_india
2026-03-21T16:00:00+00:00,4506.0,4511.1,4505.8,4509.3,253753.0,real_delta_india
2026-03-21T20:00:00+00:00,4509.4,4509.8,4498.4,4501.0,229013.0,real_delta_india
2026-03-22T00:00:00+00:00,4501.6,4508.8,4498.0,4504.9,336650.0,real_delta_india
2026-03-22T04:00:00+00:00,4504.9,4507.7,4502.7,4503.4,212703.0,real_delta_india
2026-03-22T08:00:00+00:00,4503.4,4505.9,4466.0,4475.9,1591710.0,real_delta_india
2026-03-22T12:00:00+00:00,4475.8,4481.0,4452.5,4475.2,1192868.0,real_delta_india
2026-03-22T16:00:00+00:00,4475.2,4496.9,4475.0,4486.0,946024.0,real_delta_india
2026-03-22T20:00:00+00:00,4485.9,4538.6,4447.7,4474.5,1990229.0,real_delta_india
2026-03-23T00:00:00+00:00,4474.0,4481.2,4332.0,4361.0,5600239.0,real_delta_india
2026-03-23T04:00:00+00:00,4362.92,4390.1,4138.6,4224.4,14299229.0,real_delta_india
2026-03-23T08:00:00+00:00,4225.5,4460.0,4225.0,4382.4,15133601.0,real_delta_india
2026-03-23T12:00:00+00:00,4382.0,4508.4,4343.1,4369.4,16302634.0,real_delta_india
2026-03-23T16:00:00+00:00,4368.4,4473.8,4357.7,4405.5,10717227.0,real_delta_india
2026-03-23T20:00:00+00:00,4406.9,4453.3,4374.7,4446.5,1406420.0,real_delta_india
2026-03-24T00:00:00+00:00,4445.8,4451.1,4317.25,4356.2,5347609.0,real_delta_india
2026-03-24T04:00:00+00:00,4357.7,4439.2,4326.3,4423.1,7549142.0,real_delta_india
2026-03-24T08:00:00+00:00,4422.51,4445.6,4384.4,4414.9,6092791.0,real_delta_india
2026-03-24T12:00:00+00:00,4415.7,4438.7,4359.0,4421.1,11172698.0,real_delta_india
2026-03-24T16:00:00+00:00,4420.9,4434.0,4377.0,4407.5,6358410.0,real_delta_india
2026-03-24T20:00:00+00:00,4406.4,4553.0,4403.5,4546.8,3268208.0,real_delta_india
2026-03-25T00:00:00+00:00,4548.5,4597.7,4540.1,4564.0,4062259.0,real_delta_india
2026-03-25T04:00:00+00:00,4562.9,4569.3,4529.58,4539.4,4152327.0,real_delta_india
2026-03-25T08:00:00+00:00,4540.1,4583.0,4525.5,4574.9,5522435.0,real_delta_india
2026-03-25T12:00:00+00:00,4575.0,4579.6,4520.9,4558.9,10177411.0,real_delta_india
2026-03-25T16:00:00+00:00,4558.7,4569.1,4492.4,4532.5,6203407.0,real_delta_india
2026-03-25T20:00:00+00:00,4532.1,4542.1,4492.5,4500.4,2150768.0,real_delta_india
2026-03-26T00:00:00+00:00,4501.5,4542.6,4500.2,4515.6,2780857.0,real_delta_india
2026-03-26T04:00:00+00:00,4515.7,4523.3,4417.2,4453.3,9687355.0,real_delta_india
2026-03-26T08:00:00+00:00,4452.25,4459.4,4415.8,4425.5,8776165.0,real_delta_india
2026-03-26T12:00:00+00:00,4425.2,4480.0,4420.0,4440.5,11516462.0,real_delta_india
2026-03-26T16:00:00+00:00,4440.6,4443.7,4365.8,4370.9,9995505.0,real_delta_india
2026-03-26T20:00:00+00:00,4369.9,4424.0,4358.2,4408.5,2709163.0,real_delta_india
2026-03-27T00:00:00+00:00,4409.5,4447.5,4380.5,4439.3,3750010.0,real_delta_india
2026-03-27T04:00:00+00:00,4439.7,4476.3,4432.1,4448.5,5356331.0,real_delta_india
2026-03-27T08:00:00+00:00,4448.6,4453.0,4405.0,4420.2,6340937.0,real_delta_india
2026-03-27T12:00:00+00:00,4419.2,4552.0,4412.8,4522.1,14496853.0,real_delta_india
2026-03-27T16:00:00+00:00,4522.7,4530.1,4483.5,4514.9,8419258.0,real_delta_india
2026-03-27T20:00:00+00:00,4517.0,4521.0,4489.3,4499.2,1088350.0,real_delta_india
2026-03-28T00:00:00+00:00,4499.2,4501.5,4486.8,4493.3,528962.0,real_delta_india
2026-03-28T04:00:00+00:00,4493.3,4507.6,4484.4,4502.9,1391370.0,real_delta_india
2026-03-28T08:00:00+00:00,4502.8,4503.8,4496.8,4500.5,693509.0,real_delta_india
2026-03-28T12:00:00+00:00,4500.6,4506.1,4494.3,4500.1,741960.0,real_delta_india
2026-03-28T16:00:00+00:00,4500.0,4504.5,4498.3,4500.7,387193.0,real_delta_india
2026-03-28T20:00:00+00:00,4501.3,4502.7,4498.3,4499.4,53378.0,real_delta_india
2026-03-29T00:00:00+00:00,4499.5,4500.7,4488.7,4494.8,368424.0,real_delta_india
2026-03-29T04:00:00+00:00,4494.9,4496.5,4492.2,4494.2,186198.0,real_delta_india
2026-03-29T08:00:00+00:00,4494.2,4499.6,4487.9,4498.5,342370.0,real_delta_india
2026-03-29T12:00:00+00:00,4498.5,4516.7,4497.5,4510.9,813513.0,real_delta_india
2026-03-29T16:00:00+00:00,4510.9,4518.8,4510.0,4513.4,592720.0,real_delta_india
2026-03-29T20:00:00+00:00,4515.0,4523.3,4448.0,4452.16,1364687.0,real_delta_india
2026-03-30T00:00:00+00:00,4454.7,4525.6,4423.5,4503.0,3802665.0,real_delta_india
2026-03-30T04:00:00+00:00,4503.5,4554.8,4492.5,4532.6,4576625.0,real_delta_india
2026-03-30T08:00:00+00:00,4532.31,4579.5,4525.6,4558.6,4567098.0,real_delta_india
2026-03-30T12:00:00+00:00,4559.1,4577.0,4510.9,4545.4,10735143.0,real_delta_india
2026-03-30T16:00:00+00:00,4545.3,4546.3,4490.3,4511.9,6150980.0,real_delta_india
2026-03-30T20:00:00+00:00,4511.7,4520.7,4490.0,4510.4,668528.0,real_delta_india
2026-03-31T00:00:00+00:00,4509.1,4612.1,4478.8,4552.8,4788327.0,real_delta_india
2026-03-31T04:00:00+00:00,4553.0,4575.8,4540.2,4562.2,5124515.0,real_delta_india
2026-03-31T08:00:00+00:00,4562.4,4589.9,4527.4,4579.2,6427657.0,real_delta_india
2026-03-31T12:00:00+00:00,4579.9,4626.6,4565.3,4604.3,11399349.0,real_delta_india
2026-03-31T16:00:00+00:00,4604.2,4678.0,4602.8,4675.1,7353342.0,real_delta_india
2026-03-31T20:00:00+00:00,4674.9,4689.8,4649.3,4686.2,1543796.0,real_delta_india
2026-04-01T00:00:00+00:00,4685.4,4711.7,4666.6,4670.2,2942404.0,real_delta_india
2026-04-01T04:00:00+00:00,4670.1,4733.8,4657.0,4701.2,5794250.0,real_delta_india
2026-04-01T08:00:00+00:00,4699.8,4748.9,4698.8,4738.5,5336887.0,real_delta_india
2026-04-01T12:00:00+00:00,4738.4,4775.08,4704.3,4774.4,9872533.0,real_delta_india
2026-04-01T16:00:00+00:00,4774.5,4780.1,4729.0,4750.4,5676211.0,real_delta_india
2026-04-01T20:00:00+00:00,4753.3,4782.1,4737.0,4767.0,1063617.0,real_delta_india
2026-04-02T00:00:00+00:00,4765.3,4780.7,4642.25,4666.6,5403794.0,real_delta_india
2026-04-02T04:00:00+00:00,4666.6,4670.0,4548.1,4633.6,8015270.0,real_delta_india
2026-04-02T08:00:00+00:00,4633.6,4638.8,4586.7,4591.8,5847201.0,real_delta_india
2026-04-02T12:00:00+00:00,4592.04,4687.8,4572.3,4649.1,11807064.0,real_delta_india
2026-04-02T16:00:00+00:00,4648.5,4670.8,4632.7,4660.2,5555056.0,real_delta_india
2026-04-02T20:00:00+00:00,4660.5,4669.3,4653.9,4666.8,428694.0,real_delta_india
2026-04-03T00:00:00+00:00,4667.3,4667.8,4657.4,4661.5,639270.0,real_delta_india
2026-04-03T04:00:00+00:00,4661.4,4667.2,4655.9,4657.8,795816.0,real_delta_india
2026-04-03T08:00:00+00:00,4657.8,4662.5,4657.7,4659.8,450398.0,real_delta_india
2026-04-03T12:00:00+00:00,4659.7,4664.1,4641.4,4648.2,1021881.0,real_delta_india
2026-04-03T16:00:00+00:00,4648.3,4651.4,4641.4,4643.5,481877.0,real_delta_india
2026-04-03T20:00:00+00:00,4643.5,4648.0,4641.58,4646.8,70810.0,real_delta_india
2026-04-04T00:00:00+00:00,4646.8,4652.3,4644.9,4651.3,206969.0,real_delta_india
2026-04-04T04:00:00+00:00,4651.2,4651.4,4648.3,4648.3,175177.0,real_delta_india
2026-04-04T08:00:00+00:00,4648.3,4654.4,4646.6,4650.3,325114.0,real_delta_india
2026-04-04T12:00:00+00:00,4650.3,4655.9,4650.2,4654.0,338716.0,real_delta_india
2026-04-04T16:00:00+00:00,4654.2,4656.2,4647.2,4647.9,308267.0,real_delta_india
2026-04-04T20:00:00+00:00,4647.8,4649.5,4646.2,4646.7,74180.0,real_delta_india
2026-04-05T00:00:00+00:00,4646.8,4649.7,4645.7,4648.7,71740.0,real_delta_india
2026-04-05T04:00:00+00:00,4648.7,4650.4,4646.4,4646.7,137259.0,real_delta_india
2026-04-05T08:00:00+00:00,4646.6,4648.8,4631.6,4635.9,401154.0,real_delta_india
2026-04-05T12:00:00+00:00,4635.8,4637.1,4616.1,4632.7,1060039.0,real_delta_india
2026-04-05T16:00:00+00:00,4630.8,4633.9,4616.0,4625.7,765300.0,real_delta_india
2026-04-05T20:00:00+00:00,4622.0,4647.7,4592.3,4598.4,1620778.0,real_delta_india
2026-04-06T00:00:00+00:00,4597.8,4656.7,4585.6,4626.6,2996335.0,real_delta_india
2026-04-06T04:00:00+00:00,4626.6,4677.89,4626.6,4669.7,5316850.0,real_delta_india
2026-04-06T08:00:00+00:00,4670.6,4690.9,4662.5,4663.5,4288589.0,real_delta_india
2026-04-06T12:00:00+00:00,4664.0,4679.6,4636.9,4651.7,8573396.0,real_delta_india
2026-04-06T16:00:00+00:00,4652.1,4655.8,4630.3,4638.9,3239504.0,real_delta_india
2026-04-06T20:00:00+00:00,4638.9,4650.3,4632.3,4641.9,499621.0,real_delta_india
2026-04-07T00:00:00+00:00,4641.2,4647.3,4601.0,4632.2,2497510.0,real_delta_india
2026-04-07T04:00:00+00:00,4632.9,4645.8,4608.0,4629.1,3481089.0,real_delta_india
2026-04-07T08:00:00+00:00,4629.1,4676.39,4615.7,4642.6,6032285.0,real_delta_india
2026-04-07T12:00:00+00:00,4642.8,4653.4,4592.9,4640.4,8204873.0,real_delta_india
2026-04-07T16:00:00+00:00,4640.8,4701.1,4638.1,4684.63,5631233.0,real_delta_india
2026-04-07T20:00:00+00:00,4685.6,4810.8,4682.0,4809.0,2990345.0,real_delta_india
2026-04-08T00:00:00+00:00,4808.5,4833.5,4766.5,4774.1,3369370.0,real_delta_india
2026-04-08T04:00:00+00:00,4774.2,4818.0,4767.0,4790.1,4511712.0,real_delta_india
2026-04-08T08:00:00+00:00,4789.8,4796.0,4752.3,4778.3,4895772.0,real_delta_india
2026-04-08T12:00:00+00:00,4778.6,4787.3,4714.5,4737.9,8659897.0,real_delta_india
2026-04-08T16:00:00+00:00,4737.8,4746.56,4681.1,4713.5,6206402.0,real_delta_india
2026-04-08T20:00:00+00:00,4714.4,4715.9,4688.9,4699.9,780859.0,real_delta_india
2026-04-09T00:00:00+00:00,4699.8,4717.0,4682.7,4696.7,2427028.0,real_delta_india
2026-04-09T04:00:00+00:00,4696.9,4716.0,4690.9,4709.2,2802031.0,real_delta_india
2026-04-09T08:00:00+00:00,4710.5,4742.4,4706.8,4741.6,3863799.0,real_delta_india
2026-04-09T12:00:00+00:00,4741.7,4782.2,4721.8,4778.5,8574771.0,real_delta_india
2026-04-09T16:00:00+00:00,4778.6,4787.2,4752.1,4754.3,4594039.0,real_delta_india
2026-04-09T20:00:00+00:00,4754.6,4761.8,4740.7,4746.3,776601.0,real_delta_india
2026-04-10T00:00:00+00:00,4745.8,4757.3,4721.4,4747.0,2317005.0,real_delta_india
2026-04-10T04:00:00+00:00,4747.0,4751.6,4724.8,4730.7,3343193.0,real_delta_india
2026-04-10T08:00:00+00:00,4730.6,4750.0,4713.5,4749.4,3237508.0,real_delta_india
2026-04-10T12:00:00+00:00,4749.4,4775.0,4737.5,4742.9,6653708.0,real_delta_india
2026-04-10T16:00:00+00:00,4743.0,4754.7,4730.8,4741.3,2972797.0,real_delta_india
2026-04-10T20:00:00+00:00,4741.4,4743.2,4726.7,4731.8,393942.0,real_delta_india
2026-04-11T00:00:00+00:00,4730.7,4731.3,4727.7,4728.8,295407.0,real_delta_india
2026-04-11T04:00:00+00:00,4728.8,4731.0,4724.5,4730.1,283165.0,real_delta_india
2026-04-11T08:00:00+00:00,4730.2,4732.9,4728.5,4728.6,158961.0,real_delta_india
2026-04-11T12:00:00+00:00,4728.6,4738.3,4727.5,4733.4,201985.0,real_delta_india
2026-04-11T16:00:00+00:00,4733.7,4737.6,4725.7,4734.1,446051.0,real_delta_india
2026-04-11T20:00:00+00:00,4734.0,4736.0,4730.0,4730.6,94005.0,real_delta_india
2026-04-12T00:00:00+00:00,4730.5,4733.6,4706.5,4716.9,485258.0,real_delta_india
2026-04-12T04:00:00+00:00,4716.9,4717.5,4703.9,4711.7,487340.0,real_delta_india
2026-04-12T08:00:00+00:00,4711.7,4714.7,4705.0,4708.2,237793.0,real_delta_india
2026-04-12T12:00:00+00:00,4706.84,4708.2,4683.7,4689.4,749812.0,real_delta_india
2026-04-12T16:00:00+00:00,4689.1,4693.0,4682.6,4690.5,338093.0,real_delta_india
2026-04-12T20:00:00+00:00,4690.0,4692.7,4626.7,4652.5,1027803.0,real_delta_india
2026-04-13T00:00:00+00:00,4653.5,4705.2,4646.7,4696.3,1880912.0,real_delta_india
2026-04-13T04:00:00+00:00,4696.6,4718.3,4687.3,4713.9,2732841.0,real_delta_india
2026-04-13T08:00:00+00:00,4713.7,4718.2,4685.3,4688.8,3207734.0,real_delta_india
2026-04-13T12:00:00+00:00,4688.2,4726.9,4679.1,4694.8,6815707.0,real_delta_india
2026-04-13T16:00:00+00:00,4695.0,4731.1,4690.1,4724.0,4608772.0,real_delta_india
2026-04-13T20:00:00+00:00,4724.6,4749.5,4720.05,4739.2,870880.0,real_delta_india
2026-04-14T00:00:00+00:00,4739.2,4759.0,4734.2,4748.7,1849258.0,real_delta_india
2026-04-14T04:00:00+00:00,4748.6,4778.9,4739.0,4760.0,4097269.0,real_delta_india
2026-04-14T08:00:00+00:00,4759.9,4771.0,4738.5,4756.7,3389230.0,real_delta_india
2026-04-14T12:00:00+00:00,4757.3,4798.7,4745.7,4790.7,6302796.0,real_delta_india
2026-04-14T16:00:00+00:00,4790.4,4836.2,4788.3,4834.8,4741247.0,real_delta_india
2026-04-14T20:00:00+00:00,4834.7,4838.82,4816.0,4824.3,635515.0,real_delta_india
2026-04-15T00:00:00+00:00,4824.8,4859.1,4807.8,4814.0,2317571.0,real_delta_india
2026-04-15T04:00:00+00:00,4814.0,4819.4,4793.1,4799.3,2822930.0,real_delta_india
2026-04-15T08:00:00+00:00,4799.0,4809.31,4776.7,4802.1,3028275.0,real_delta_india
2026-04-15T12:00:00+00:00,4802.0,4821.2,4777.9,4791.1,4989415.0,real_delta_india
2026-04-15T16:00:00+00:00,4791.0,4802.0,4781.4,4785.4,2872123.0,real_delta_india
2026-04-15T20:00:00+00:00,4786.5,4812.0,4776.1,4809.1,987243.0,real_delta_india
2026-04-16T00:00:00+00:00,4809.2,4823.3,4798.6,4809.3,1940945.0,real_delta_india
2026-04-16T04:00:00+00:00,4809.4,4823.4,4801.0,4806.5,2296039.0,real_delta_india
2026-04-16T08:00:00+00:00,4806.6,4808.3,4791.9,4807.7,2581240.0,real_delta_india
2026-04-16T12:00:00+00:00,4808.6,4810.8,4762.4,4793.7,5486630.0,real_delta_india
2026-04-16T16:00:00+00:00,4794.4,4795.9,4766.2,4780.3,3030725.0,real_delta_india
2026-04-16T20:00:00+00:00,4780.9,4781.8,4763.7,4773.8,461175.0,real_delta_india
2026-04-17T00:00:00+00:00,4772.3,4781.2,4750.5,4772.7,1367336.0,real_delta_india
2026-04-17T04:00:00+00:00,4772.7,4787.9,4763.5,4768.1,3045437.0,real_delta_india
2026-04-17T08:00:00+00:00,4768.2,4792.2,4765.1,4782.8,2220433.0,real_delta_india
2026-04-17T12:00:00+00:00,4783.2,4869.3,4781.5,4847.8,7291247.0,real_delta_india
2026-04-17T16:00:00+00:00,4848.0,4854.1,4833.1,4834.7,1863574.0,real_delta_india
2026-04-17T20:00:00+00:00,4833.3,4835.0,4812.1,4818.3,617500.0,real_delta_india
2026-04-18T00:00:00+00:00,4818.3,4827.2,4812.2,4813.0,333743.0,real_delta_india
2026-04-18T04:00:00+00:00,4813.0,4816.2,4805.7,4807.4,660177.0,real_delta_india
2026-04-18T08:00:00+00:00,4807.3,4809.3,4790.2,4791.3,801770.0,real_delta_india
2026-04-18T12:00:00+00:00,4790.2,4796.5,4784.1,4790.3,769653.0,real_delta_india
2026-04-18T16:00:00+00:00,4790.3,4795.4,4773.5,4785.0,572176.0,real_delta_india
2026-04-18T20:00:00+00:00,4785.2,4788.9,4772.0,4772.6,90377.0,real_delta_india
2026-04-19T00:00:00+00:00,4771.84,4781.7,4763.0,4776.3,617777.0,real_delta_india
2026-04-19T04:00:00+00:00,4776.4,4790.2,4766.24,4779.6,721722.0,real_delta_india
2026-04-19T08:00:00+00:00,4779.1,4782.9,4771.9,4779.2,401559.0,real_delta_india
2026-04-19T12:00:00+00:00,4778.09,4793.2,4777.0,4789.3,649249.0,real_delta_india
2026-04-19T16:00:00+00:00,4789.2,4796.2,4774.9,4779.57,688869.0,real_delta_india
2026-04-19T20:00:00+00:00,4774.22,4775.8,4723.3,4738.0,1223364.0,real_delta_india
2026-04-20T00:00:00+00:00,4736.4,4793.5,4728.1,4771.7,1367982.0,real_delta_india
2026-04-20T04:00:00+00:00,4771.7,4788.8,4759.77,4772.3,2315577.0,real_delta_india
2026-04-20T08:00:00+00:00,4772.0,4792.7,4768.5,4792.4,1613753.0,real_delta_india
2026-04-20T12:00:00+00:00,4792.2,4808.3,4775.0,4782.4,4492590.0,real_delta_india
2026-04-20T16:00:00+00:00,4782.3,4802.7,4776.4,4794.9,1450701.0,real_delta_india
2026-04-20T20:00:00+00:00,4795.8,4813.6,4794.9,4804.0,587489.0,real_delta_india
2026-04-21T00:00:00+00:00,4803.8,4812.2,4775.0,4779.32,1019789.0,real_delta_india
2026-04-21T04:00:00+00:00,4779.4,4780.0,4758.2,4770.5,2072336.0,real_delta_india
2026-04-21T08:00:00+00:00,4770.9,4783.4,4761.0,4780.4,1569619.0,real_delta_india
2026-04-21T12:00:00+00:00,4780.9,4782.6,4712.3,4729.0,6032889.0,real_delta_india
2026-04-21T16:00:00+00:00,4729.1,4733.02,4657.0,4667.6,4878829.0,real_delta_india
2026-04-21T20:00:00+00:00,4666.3,4727.5,4659.3,4725.5,808554.0,real_delta_india
2026-04-22T00:00:00+00:00,4726.3,4750.0,4721.6,4743.0,1441800.0,real_delta_india
2026-04-22T04:00:00+00:00,4743.0,4757.3,4737.2,4746.4,2124418.0,real_delta_india
2026-04-22T08:00:00+00:00,4746.7,4747.9,4732.8,4735.5,2320998.0,real_delta_india
2026-04-22T12:00:00+00:00,4736.0,4744.5,4709.9,4712.6,4085464.0,real_delta_india
2026-04-22T16:00:00+00:00,4713.4,4733.1,4708.3,4724.7,2466308.0,real_delta_india
2026-04-22T20:00:00+00:00,4725.1,4730.3,4709.0,4711.2,375467.0,real_delta_india
2026-04-23T00:00:00+00:00,4711.0,4735.8,4678.5,4687.8,2021062.0,real_delta_india
2026-04-23T04:00:00+00:00,4687.3,4705.4,4676.9,4704.2,1976375.0,real_delta_india
2026-04-23T08:00:00+00:00,4703.9,4709.2,4670.6,4705.1,3208023.0,real_delta_india
2026-04-23T12:00:00+00:00,4705.1,4727.5,4702.4,4706.9,4445294.0,real_delta_india
2026-04-23T16:00:00+00:00,4706.8,4722.0,4653.8,4685.3,4280293.0,real_delta_india
2026-04-23T20:00:00+00:00,4683.1,4691.3,4675.5,4682.6,246531.0,real_delta_india
2026-04-24T00:00:00+00:00,4685.0,4698.0,4657.9,4660.8,1244946.0,real_delta_india
2026-04-24T04:00:00+00:00,4660.1,4683.5,4648.4,4682.1,2914635.0,real_delta_india
2026-04-24T08:00:00+00:00,4682.0,4704.7,4664.3,4694.1,3187231.0,real_delta_india
2026-04-24T12:00:00+00:00,4694.8,4725.0,4678.0,4712.6,4828476.0,real_delta_india
2026-04-24T16:00:00+00:00,4712.5,4715.1,4700.0,4703.1,1926483.0,real_delta_india
2026-04-24T20:00:00+00:00,4702.7,4702.7,4690.5,4694.6,350987.0,real_delta_india
2026-04-25T00:00:00+00:00,4694.6,4697.1,4694.4,4696.6,127492.0,real_delta_india
2026-04-25T04:00:00+00:00,4696.5,4698.6,4693.8,4694.8,230680.0,real_delta_india
2026-04-25T08:00:00+00:00,4694.8,4701.0,4694.8,4699.0,152616.0,real_delta_india
2026-04-25T12:00:00+00:00,4698.3,4698.5,4695.3,4695.7,203203.0,real_delta_india
2026-04-25T16:00:00+00:00,4695.6,4695.7,4690.0,4693.2,256500.0,real_delta_india
2026-04-25T20:00:00+00:00,4693.3,4693.6,4687.1,4687.3,50617.0,real_delta_india
2026-04-26T00:00:00+00:00,4688.0,4690.8,4685.8,4690.0,77125.0,real_delta_india
2026-04-26T04:00:00+00:00,4689.96,4692.8,4688.1,4690.8,150071.0,real_delta_india
2026-04-26T08:00:00+00:00,4690.78,4695.0,4690.1,4694.5,95985.0,real_delta_india
2026-04-26T12:00:00+00:00,4694.6,4703.5,4694.5,4700.2,297232.0,real_delta_india
2026-04-26T16:00:00+00:00,4700.3,4707.8,4697.3,4704.9,240479.0,real_delta_india
2026-04-26T20:00:00+00:00,4705.1,4706.9,4665.0,4670.8,581766.0,real_delta_india
2026-04-27T00:00:00+00:00,4670.7,4715.8,4663.0,4710.9,1602816.0,real_delta_india
2026-04-27T04:00:00+00:00,4710.8,4715.8,4694.3,4698.4,1722017.0,real_delta_india
2026-04-27T08:00:00+00:00,4697.0,4700.5,4686.4,4691.0,1414226.0,real_delta_india
2026-04-27T12:00:00+00:00,4691.0,4698.5,4655.3,4658.8,4081732.0,real_delta_india
2026-04-27T16:00:00+00:00,4658.7,4674.3,4656.0,4670.1,1930310.0,real_delta_india
2026-04-27T20:00:00+00:00,4670.3,4682.9,4666.8,4680.3,430857.0,real_delta_india
2026-04-28T00:00:00+00:00,4680.7,4689.0,4655.5,4660.0,1262123.0,real_delta_india
2026-04-28T04:00:00+00:00,4660.0,4660.0,4613.2,4624.55,3346335.0,real_delta_india
2026-04-28T08:00:00+00:00,4624.67,4626.3,4548.7,4557.0,3809678.0,real_delta_india
2026-04-28T12:00:00+00:00,4556.8,4592.4,4548.9,4579.7,5088426.0,real_delta_india
2026-04-28T16:00:00+00:00,4580.0,4594.8,4572.0,4588.5,2160925.0,real_delta_india
2026-04-28T20:00:00+00:00,4588.8,4592.7,4580.8,4587.4,262023.0,real_delta_india
2026-04-29T00:00:00+00:00,4587.8,4602.5,4568.6,4586.3,1797642.0,real_delta_india
2026-04-29T04:00:00+00:00,4586.3,4597.5,4559.6,4560.32,2801517.0,real_delta_india
2026-04-29T08:00:00+00:00,4562.5,4571.6,4544.2,4555.3,3665663.0,real_delta_india
2026-04-29T12:00:00+00:00,4554.35,4561.0,4504.9,4540.5,6518597.0,real_delta_india
2026-04-29T16:00:00+00:00,4541.1,4557.3,4514.3,4540.8,4560631.0,real_delta_india
2026-04-29T20:00:00+00:00,4541.1,4554.7,4534.5,4554.7,294051.0,real_delta_india
2026-04-30T00:00:00+00:00,4554.1,4574.3,4548.7,4549.4,1638124.0,real_delta_india
2026-04-30T04:00:00+00:00,4549.1,4595.4,4533.3,4589.3,3258265.0,real_delta_india
2026-04-30T08:00:00+00:00,4589.72,4636.2,4588.5,4620.7,4176319.0,real_delta_india
2026-04-30T12:00:00+00:00,4621.5,4636.4,4600.6,4605.5,5090857.0,real_delta_india
2026-04-30T16:00:00+00:00,4605.4,4618.3,4595.3,4607.0,3022608.0,real_delta_india
2026-04-30T20:00:00+00:00,4607.5,4623.08,4606.1,4616.2,428611.0,real_delta_india
2026-05-01T00:00:00+00:00,4615.0,4624.2,4603.9,4614.5,1321016.0,real_delta_india
2026-05-01T04:00:00+00:00,4614.9,4617.5,4568.0,4570.5,4401911.0,real_delta_india
2026-05-01T08:00:00+00:00,4571.2,4574.7,4554.5,4574.2,4645664.0,real_delta_india
2026-05-01T12:00:00+00:00,4574.2,4650.0,4570.1,4630.0,8035026.0,real_delta_india
2026-05-01T16:00:00+00:00,4629.9,4636.2,4599.0,4599.6,2851286.0,real_delta_india
2026-05-01T20:00:00+00:00,4600.3,4606.0,4597.2,4601.8,391566.0,real_delta_india
2026-05-02T00:00:00+00:00,4602.4,4603.1,4600.4,4602.9,159093.0,real_delta_india
2026-05-02T04:00:00+00:00,4603.0,4603.0,4599.5,4600.0,295366.0,real_delta_india
2026-05-02T08:00:00+00:00,4599.7,4601.7,4599.2,4600.7,137350.0,real_delta_india
2026-05-02T12:00:00+00:00,4600.8,4603.4,4600.0,4600.1,154647.0,real_delta_india
2026-05-02T16:00:00+00:00,4600.2,4600.3,4595.6,4596.9,168976.0,real_delta_india
2026-05-02T20:00:00+00:00,4597.0,4599.6,4593.6,4595.3,82370.0,real_delta_india
2026-05-03T00:00:00+00:00,4595.2,4597.0,4593.8,4596.9,102783.0,real_delta_india
2026-05-03T04:00:00+00:00,4596.9,4601.0,4596.8,4600.4,162363.0,real_delta_india
2026-05-03T08:00:00+00:00,4600.5,4610.6,4600.2,4610.0,396625.0,real_delta_india
2026-05-03T12:00:00+00:00,4609.7,4617.1,4609.7,4614.89,465109.0,real_delta_india
2026-05-03T16:00:00+00:00,4614.89,4620.4,4609.8,4617.4,369692.0,real_delta_india
2026-05-03T20:00:00+00:00,4618.6,4636.7,4602.1,4603.7,813627.0,real_delta_india
2026-05-04T00:00:00+00:00,4602.0,4610.0,4583.9,4607.3,2335200.0,real_delta_india
2026-05-04T04:00:00+00:00,4607.3,4607.3,4569.7,4570.7,2866549.0,real_delta_india
2026-05-04T08:00:00+00:00,4571.2,4578.0,4520.6,4554.0,4836148.0,real_delta_india
2026-05-04T12:00:00+00:00,4554.1,4574.7,4507.8,4516.3,6580996.0,real_delta_india
2026-05-04T16:00:00+00:00,4516.2,4526.7,4496.6,4513.0,3429931.0,real_delta_india
2026-05-04T20:00:00+00:00,4513.7,4522.2,4507.8,4514.5,186287.0,real_delta_india
2026-05-05T00:00:00+00:00,4514.5,4540.3,4509.0,4528.4,1709755.0,real_delta_india
2026-05-05T04:00:00+00:00,4528.1,4551.5,4522.25,4538.4,3040274.0,real_delta_india
2026-05-05T08:00:00+00:00,4538.5,4556.2,4531.9,4553.0,2456179.0,real_delta_india
2026-05-05T12:00:00+00:00,4553.0,4575.7,4546.0,4558.6,4435632.0,real_delta_india
2026-05-05T16:00:00+00:00,4558.5,4558.6,4541.7,4544.9,3633067.0,real_delta_india
2026-05-05T20:00:00+00:00,4545.0,4583.5,4536.0,4581.2,1131353.0,real_delta_india
2026-05-06T00:00:00+00:00,4582.0,4639.6,4575.7,4631.4,2861530.0,real_delta_india
2026-05-06T04:00:00+00:00,4631.3,4668.4,4630.3,4668.0,4533471.0,real_delta_india
2026-05-06T08:00:00+00:00,4668.0,4710.94,4658.5,4679.8,4846902.0,real_delta_india
2026-05-06T12:00:00+00:00,4679.9,4703.2,4649.2,4674.4,6843136.0,real_delta_india
2026-05-06T16:00:00+00:00,4673.8,4686.4,4664.8,4678.7,2998153.0,real_delta_india
2026-05-06T20:00:00+00:00,4678.6,4685.0,4671.6,4684.5,384217.0,real_delta_india
2026-05-07T00:00:00+00:00,4683.9,4706.3,4670.9,4684.6,1975376.0,real_delta_india
2026-05-07T04:00:00+00:00,4684.7,4735.3,4678.03,4729.3,4124270.0,real_delta_india
2026-05-07T08:00:00+00:00,4729.2,4739.05,4708.4,4730.9,3627493.0,real_delta_india
2026-05-07T12:00:00+00:00,4731.0,4754.2,4714.8,4717.6,6501576.0,real_delta_india
2026-05-07T16:00:00+00:00,4717.2,4718.6,4680.42,4696.0,4001821.0,real_delta_india
2026-05-07T20:00:00+00:00,4696.0,4711.3,4672.1,4695.0,769798.0,real_delta_india
2026-05-08T00:00:00+00:00,4695.05,4720.9,4685.1,4709.4,2555468.0,real_delta_india
2026-05-08T04:00:00+00:00,4709.2,4723.6,4688.7,4698.3,3838651.0,real_delta_india
2026-05-08T08:00:00+00:00,4698.3,4718.0,4696.7,4706.7,2634978.0,real_delta_india
2026-05-08T12:00:00+00:00,4707.1,4739.3,4693.6,4698.3,6188777.0,real_delta_india
2026-05-08T16:00:00+00:00,4698.9,4718.1,4697.0,4714.2,2144692.0,real_delta_india
2026-05-08T20:00:00+00:00,4714.6,4715.0,4704.8,4704.9,243746.0,real_delta_india
2026-05-09T00:00:00+00:00,4704.8,4711.4,4703.0,4704.7,251265.0,real_delta_india
2026-05-09T04:00:00+00:00,4704.7,4707.1,4703.0,4703.8,397310.0,real_delta_india
2026-05-09T08:00:00+00:00,4703.7,4704.3,4701.1,4702.9,206806.0,real_delta_india
2026-05-09T12:00:00+00:00,4703.0,4704.5,4701.0,4702.7,98542.0,real_delta_india
2026-05-09T16:00:00+00:00,4702.8,4709.6,4702.6,4709.6,161983.0,real_delta_india
2026-05-09T20:00:00+00:00,4709.6,4713.6,4708.6,4709.7,75319.0,real_delta_india
2026-05-10T00:00:00+00:00,4710.9,4714.2,4706.4,4713.9,95444.0,real_delta_india
2026-05-10T04:00:00+00:00,4713.9,4714.0,4707.8,4708.1,162109.0,real_delta_india
2026-05-10T08:00:00+00:00,4708.1,4715.2,4706.4,4714.5,297690.0,real_delta_india
2026-05-10T12:00:00+00:00,4714.8,4720.6,4713.2,4720.0,398158.0,real_delta_india
2026-05-10T16:00:00+00:00,4720.1,4722.6,4713.5,4716.0,408508.0,real_delta_india
2026-05-10T20:00:00+00:00,4715.9,4715.9,4672.0,4683.7,881256.0,real_delta_india
2026-05-11T00:00:00+00:00,4683.7,4697.0,4663.1,4671.3,2286381.0,real_delta_india
2026-05-11T04:00:00+00:00,4671.5,4673.8,4642.5,4661.7,3267319.0,real_delta_india
2026-05-11T08:00:00+00:00,4661.7,4672.2,4645.8,4667.5,2801899.0,real_delta_india
2026-05-11T12:00:00+00:00,4668.7,4738.8,4661.6,4721.0,8995529.0,real_delta_india
2026-05-11T16:00:00+00:00,4721.1,4724.4,4698.3,4721.4,3438772.0,real_delta_india
2026-05-11T20:00:00+00:00,4722.4,4756.76,4715.5,4755.0,1388626.0,real_delta_india
2026-05-12T00:00:00+00:00,4753.4,4760.7,4706.4,4708.4,2908767.0,real_delta_india
2026-05-12T04:00:00+00:00,4708.4,4718.6,4676.9,4690.1,3773628.0,real_delta_india
2026-05-12T08:00:00+00:00,4691.3,4699.5,4677.1,4697.3,3004595.0,real_delta_india
2026-05-12T12:00:00+00:00,4697.2,4704.5,4635.0,4661.5,8520436.0,real_delta_india
2026-05-12T16:00:00+00:00,4661.5,4709.7,4659.1,4709.7,4145241.0,real_delta_india
2026-05-12T20:00:00+00:00,4709.92,4715.4,4702.1,4709.9,895898.0,real_delta_india
2026-05-13T00:00:00+00:00,4709.8,4719.62,4682.4,4689.8,2308532.0,real_delta_india
2026-05-13T04:00:00+00:00,4689.86,4707.4,4686.3,4695.9,3065168.0,real_delta_india
2026-05-13T08:00:00+00:00,4695.0,4702.5,4678.6,4691.4,3840399.0,real_delta_india
2026-05-13T12:00:00+00:00,4690.9,4694.4,4663.3,4687.7,6127460.0,real_delta_india
2026-05-13T16:00:00+00:00,4687.6,4702.1,4671.6,4679.3,3572113.0,real_delta_india
2026-05-13T20:00:00+00:00,4679.3,4693.0,4677.3,4687.3,372472.0,real_delta_india
2026-05-14T00:00:00+00:00,4687.3,4697.0,4664.3,4665.2,1770543.0,real_delta_india
2026-05-14T04:00:00+00:00,4665.1,4708.0,4660.0,4683.9,4149213.0,real_delta_india
2026-05-14T08:00:00+00:00,4684.2,4696.5,4679.5,4686.0,2031237.0,real_delta_india
2026-05-14T12:00:00+00:00,4685.0,4700.0,4658.9,4678.6,5385861.0,real_delta_india
2026-05-14T16:00:00+00:00,4679.2,4679.6,4648.0,4649.1,3384758.0,real_delta_india
2026-05-14T20:00:00+00:00,4649.0,4660.1,4640.2,4647.1,998365.0,real_delta_india
2026-05-15T00:00:00+00:00,4646.8,4652.2,4602.2,4610.6,3487578.0,real_delta_india
2026-05-15T04:00:00+00:00,4609.9,4615.6,4554.5,4571.0,6087178.0,real_delta_india
2026-05-15T08:00:00+00:00,4572.0,4572.3,4532.2,4554.3,6014992.0,real_delta_india
2026-05-15T12:00:00+00:00,4554.2,4567.0,4515.0,4542.0,7891479.0,real_delta_india
2026-05-15T16:00:00+00:00,4543.9,4564.95,4532.83,4549.8,3834043.0,real_delta_india
2026-05-15T20:00:00+00:00,4549.7,4549.8,4536.6,4540.5,617227.0,real_delta_india
2026-05-16T00:00:00+00:00,4540.5,4543.8,4538.9,4541.1,289334.0,real_delta_india
2026-05-16T04:00:00+00:00,4540.0,4545.1,4523.1,4534.5,765442.0,real_delta_india
2026-05-16T08:00:00+00:00,4534.4,4535.5,4515.1,4524.4,749286.0,real_delta_india
2026-05-16T12:00:00+00:00,4524.4,4534.9,4523.0,4532.3,506560.0,real_delta_india
2026-05-16T16:00:00+00:00,4532.4,4537.4,4530.4,4534.1,234251.0,real_delta_india
2026-05-16T20:00:00+00:00,4534.2,4536.9,4529.9,4534.62,67487.0,real_delta_india
2026-05-17T00:00:00+00:00,4534.4,4536.3,4528.3,4533.1,159935.0,real_delta_india
2026-05-17T04:00:00+00:00,4533.2,4533.4,4524.8,4529.0,260886.0,real_delta_india
2026-05-17T08:00:00+00:00,4529.0,4536.4,4529.0,4535.3,256201.0,real_delta_india
2026-05-17T12:00:00+00:00,4535.3,4541.7,4533.2,4539.4,441366.0,real_delta_india
2026-05-17T16:00:00+00:00,4539.4,4540.2,4526.7,4528.5,419719.0,real_delta_india
2026-05-17T20:00:00+00:00,4528.5,4552.4,4524.9,4534.0,736869.0,real_delta_india
2026-05-18T00:00:00+00:00,4536.6,4542.9,4477.1,4536.7,3424473.0,real_delta_india
2026-05-18T04:00:00+00:00,4537.2,4553.5,4526.0,4541.8,3003970.0,real_delta_india
2026-05-18T08:00:00+00:00,4541.6,4565.43,4526.4,4551.2,3098438.0,real_delta_india
2026-05-18T12:00:00+00:00,4550.9,4583.8,4533.3,4543.6,6861085.0,real_delta_india
2026-05-18T16:00:00+00:00,4544.4,4565.7,4536.0,4559.3,3235284.0,real_delta_india
2026-05-18T20:00:00+00:00,4560.71,4587.0,4559.2,4580.5,492337.0,real_delta_india
2026-05-19T00:00:00+00:00,4580.9,4587.1,4544.4,4545.9,1898146.0,real_delta_india
2026-05-19T04:00:00+00:00,4545.1,4559.6,4531.4,4557.8,3385190.0,real_delta_india
2026-05-19T08:00:00+00:00,4558.0,4559.5,4528.0,4533.5,2780542.0,real_delta_india
2026-05-19T12:00:00+00:00,4533.4,4548.8,4471.2,4514.1,9637669.0,real_delta_india
2026-05-19T16:00:00+00:00,4514.4,4517.9,4489.0,4490.3,3021077.0,real_delta_india
2026-05-19T20:00:00+00:00,4490.6,4501.9,4484.2,4494.8,746833.0,real_delta_india
2026-05-20T00:00:00+00:00,4494.4,4513.9,4462.2,4472.3,3365194.0,real_delta_india
2026-05-20T04:00:00+00:00,4473.62,4493.8,4465.2,4485.4,3588551.0,real_delta_india
2026-05-20T08:00:00+00:00,4485.4,4506.4,4480.3,4502.9,3047641.0,real_delta_india
2026-05-20T12:00:00+00:00,4502.5,4552.6,4473.3,4528.1,8670892.0,real_delta_india
2026-05-20T16:00:00+00:00,4528.1,4548.9,4523.9,4543.8,2966770.0,real_delta_india
2026-05-20T20:00:00+00:00,4544.1,4547.9,4532.2,4543.1,458168.0,real_delta_india
2026-05-21T00:00:00+00:00,4544.1,4566.9,4525.1,4525.5,2838854.0,real_delta_india
2026-05-21T04:00:00+00:00,4525.3,4537.0,4512.4,4519.0,3966574.0,real_delta_india
2026-05-21T08:00:00+00:00,4519.0,4541.0,4505.4,4513.3,4708270.0,real_delta_india
2026-05-21T12:00:00+00:00,4513.7,4521.49,4491.0,4512.34,6459351.0,real_delta_india
2026-05-21T16:00:00+00:00,4512.34,4556.1,4512.34,4539.9,6295248.0,real_delta_india
2026-05-21T20:00:00+00:00,4539.6,4542.2,4529.3,4531.5,325684.0,real_delta_india
2026-05-22T00:00:00+00:00,4531.8,4536.4,4517.6,4526.6,1474212.0,real_delta_india
2026-05-22T04:00:00+00:00,4526.7,4531.8,4506.5,4518.8,3022970.0,real_delta_india
2026-05-22T08:00:00+00:00,4519.3,4532.8,4509.3,4519.1,3336780.0,real_delta_india
2026-05-22T12:00:00+00:00,4518.6,4534.1,4491.45,4519.2,7276301.0,real_delta_india
2026-05-22T16:00:00+00:00,4519.2,4526.1,4503.8,4507.1,3240727.0,real_delta_india
2026-05-22T20:00:00+00:00,4506.95,4512.0,4500.1,4501.7,385433.0,real_delta_india
2026-05-23T00:00:00+00:00,4501.6,4514.5,4500.5,4511.2,315222.0,real_delta_india
2026-05-23T04:00:00+00:00,4511.3,4515.5,4501.9,4504.7,588480.0,real_delta_india
2026-05-23T08:00:00+00:00,4504.7,4507.2,4500.0,4502.42,551226.0,real_delta_india
2026-05-23T12:00:00+00:00,4502.5,4512.7,4500.2,4510.6,534969.0,real_delta_india
2026-05-23T16:00:00+00:00,4510.7,4518.4,4508.5,4516.8,442054.0,real_delta_india
2026-05-23T20:00:00+00:00,4526.0,4532.0,4517.3,4531.0,301784.0,real_delta_india
2026-05-24T00:00:00+00:00,4531.2,4548.4,4530.3,4541.4,807527.0,real_delta_india
2026-05-24T04:00:00+00:00,4542.0,4550.3,4539.5,4543.2,652652.0,real_delta_india
2026-05-24T08:00:00+00:00,4543.6,4546.4,4536.6,4537.0,591527.0,real_delta_india
2026-05-24T12:00:00+00:00,4537.0,4537.1,4518.7,4524.8,1040661.0,real_delta_india
2026-05-24T16:00:00+00:00,4524.8,4529.1,4518.7,4521.0,411525.0,real_delta_india
2026-05-24T20:00:00+00:00,4521.0,4575.8,4518.2,4563.3,1024594.0,real_delta_india
2026-05-25T00:00:00+00:00,4564.0,4575.3,4552.1,4554.2,1658017.0,real_delta_india
2026-05-25T04:00:00+00:00,4554.2,4561.2,4545.0,4559.9,2913331.0,real_delta_india
2026-05-25T08:00:00+00:00,4559.9,4569.9,4549.89,4563.04,2585403.0,real_delta_india
2026-05-25T12:00:00+00:00,4562.6,4570.19,4548.6,4564.5,3887298.0,real_delta_india
2026-05-25T16:00:00+00:00,4564.0,4572.4,4558.4,4562.5,2083604.0,real_delta_india
2026-05-25T20:00:00+00:00,4562.6,4573.1,4549.0,4553.3,667629.0,real_delta_india
2026-05-26T00:00:00+00:00,4552.0,4552.0,4522.4,4539.1,2126400.0,real_delta_india
2026-05-26T04:00:00+00:00,4539.4,4539.8,4520.8,4536.6,3183660.0,real_delta_india
2026-05-26T08:00:00+00:00,4536.3,4539.4,4506.0,4509.0,4644517.0,real_delta_india
2026-05-26T12:00:00+00:00,4508.7,4530.3,4502.7,4508.7,5829708.0,real_delta_india
2026-05-26T16:00:00+00:00,4508.8,4513.8,4486.3,4512.7,3743257.0,real_delta_india
2026-05-26T20:00:00+00:00,4512.9,4530.0,4503.3,4522.7,733033.0,real_delta_india
2026-05-27T00:00:00+00:00,4522.0,4528.5,4503.7,4504.4,1516502.0,real_delta_india
2026-05-27T04:00:00+00:00,4504.3,4521.5,4478.0,4482.5,4267265.0,real_delta_india
2026-05-27T08:00:00+00:00,4482.5,4499.7,4434.1,4437.4,6154840.0,real_delta_india
2026-05-27T12:00:00+00:00,4437.8,4471.6,4407.9,4440.9,8606273.0,real_delta_india
2026-05-27T16:00:00+00:00,4440.9,4461.0,4439.9,4453.5,2788943.0,real_delta_india
2026-05-27T20:00:00+00:00,4452.9,4464.5,4443.8,4446.8,573060.0,real_delta_india
2026-05-28T00:00:00+00:00,4446.5,4457.0,4372.0,4377.9,4330955.0,real_delta_india
2026-05-28T04:00:00+00:00,4377.9,4400.3,4371.4,4393.1,5198674.0,real_delta_india
2026-05-28T08:00:00+00:00,4392.9,4405.7,4379.7,4389.3,4849807.0,real_delta_india
2026-05-28T12:00:00+00:00,4389.5,4477.3,4383.0,4473.6,9608319.0,real_delta_india
2026-05-28T16:00:00+00:00,4473.6,4503.9,4470.0,4487.2,4924353.0,real_delta_india
2026-05-28T20:00:00+00:00,4486.9,4489.7,4478.0,4483.8,738089.0,real_delta_india
2026-05-29T00:00:00+00:00,4482.4,4507.9,4481.7,4490.1,2080772.0,real_delta_india
2026-05-29T04:00:00+00:00,4490.22,4515.8,4490.1,4514.47,3522940.0,real_delta_india
2026-05-29T08:00:00+00:00,4514.47,4532.0,4502.0,4527.9,3948625.0,real_delta_india
2026-05-29T12:00:00+00:00,4527.9,4579.37,4502.9,4557.0,9395573.0,real_delta_india
2026-05-29T16:00:00+00:00,4557.0,4559.2,4530.1,4532.1,2784596.0,real_delta_india
2026-05-29T20:00:00+00:00,4534.2,4536.4,4522.1,4529.8,354755.0,real_delta_india
2026-05-30T00:00:00+00:00,4530.2,4532.6,4527.3,4528.0,222003.0,real_delta_india
2026-05-30T04:00:00+00:00,4528.1,4529.2,4520.4,4523.5,437256.0,real_delta_india
2026-05-30T08:00:00+00:00,4523.5,4530.7,4523.1,4525.7,514606.0,real_delta_india
2026-05-30T12:00:00+00:00,4525.6,4529.27,4521.8,4524.0,530582.0,real_delta_india
2026-05-30T16:00:00+00:00,4524.5,4524.5,4519.8,4522.9,277462.0,real_delta_india
2026-05-30T20:00:00+00:00,4522.9,4523.2,4517.5,4519.2,114674.0,real_delta_india
2026-05-31T00:00:00+00:00,4519.4,4524.0,4517.8,4518.9,222751.0,real_delta_india
2026-05-31T04:00:00+00:00,4518.9,4530.1,4516.3,4529.6,618417.0,real_delta_india
2026-05-31T08:00:00+00:00,4529.9,4532.0,4525.7,4528.6,295317.0,real_delta_india
2026-05-31T12:00:00+00:00,4528.8,4532.6,4525.3,4526.8,377673.0,real_delta_india
2026-05-31T16:00:00+00:00,4526.8,4530.8,4525.3,4526.8,268769.0,real_delta_india
2026-05-31T20:00:00+00:00,4526.7,4534.9,4509.0,4531.1,672193.0,real_delta_india
2026-06-01T00:00:00+00:00,4530.0,4536.7,4500.3,4505.7,1704989.0,real_delta_india
2026-06-01T04:00:00+00:00,4505.9,4514.9,4485.0,4494.8,3363404.0,real_delta_india
2026-06-01T08:00:00+00:00,4495.0,4504.2,4483.0,4498.2,2833733.0,real_delta_india
2026-06-01T12:00:00+00:00,4498.3,4502.3,4444.1,4470.7,7281273.0,real_delta_india
2026-06-01T16:00:00+00:00,4470.5,4490.9,4459.8,4476.6,3278708.0,real_delta_india
2026-06-01T20:00:00+00:00,4476.4,4480.8,4473.2,4478.5,299218.0,real_delta_india
2026-06-02T00:00:00+00:00,4476.1,4491.0,4457.4,4490.9,2197381.0,real_delta_india
2026-06-02T04:00:00+00:00,4490.7,4530.0,4490.0,4524.8,4102638.0,real_delta_india
2026-06-02T08:00:00+00:00,4525.0,4528.9,4510.2,4517.0,2510257.0,real_delta_india
2026-06-02T12:00:00+00:00,4518.1,4523.7,4482.1,4493.9,6069088.0,real_delta_india
2026-06-02T16:00:00+00:00,4494.1,4495.5,4473.3,4481.4,3031018.0,real_delta_india
2026-06-02T20:00:00+00:00,4481.6,4484.8,4453.1,4466.0,744082.0,real_delta_india
2026-06-03T00:00:00+00:00,4467.3,4487.3,4457.0,4473.1,1849023.0,real_delta_india
2026-06-03T04:00:00+00:00,4473.1,4476.5,4445.9,4446.7,3298523.0,real_delta_india
2026-06-03T08:00:00+00:00,4446.5,4459.9,4431.6,4455.6,3732893.0,real_delta_india
2026-06-03T12:00:00+00:00,4454.9,4458.9,4421.1,4433.8,6581540.0,real_delta_india
2026-06-03T16:00:00+00:00,4434.4,4445.9,4426.0,4436.7,2661180.0,real_delta_india
2026-06-03T20:00:00+00:00,4436.84,4454.4,4416.8,4447.8,805486.0,real_delta_india
2026-06-04T00:00:00+00:00,4446.0,4468.5,4433.5,4460.5,2576729.0,real_delta_india
2026-06-04T04:00:00+00:00,4460.6,4478.0,4454.6,4456.3,3475835.0,real_delta_india
2026-06-04T08:00:00+00:00,4456.6,4508.4,4453.0,4505.6,4165533.0,real_delta_india
2026-06-04T12:00:00+00:00,4507.2,4508.7,4454.9,4475.4,7564397.0,real_delta_india
2026-06-04T16:00:00+00:00,4475.4,4482.8,4469.5,4476.4,2230982.0,real_delta_india
2026-06-04T20:00:00+00:00,4476.4,4476.4,4455.91,4456.6,426142.0,real_delta_india
2026-06-05T00:00:00+00:00,4456.0,4463.7,4429.4,4430.9,2290993.0,real_delta_india
2026-06-05T04:00:00+00:00,4430.9,4457.27,4418.39,4452.5,3846497.0,real_delta_india
2026-06-05T08:00:00+00:00,4452.0,4463.0,4448.1,4458.3,2276428.0,real_delta_india
2026-06-05T12:00:00+00:00,4458.5,4465.5,4329.1,4330.5,11450682.0,real_delta_india
2026-06-05T16:00:00+00:00,4330.5,4344.8,4307.8,4314.3,4585791.0,real_delta_india
2026-06-05T20:00:00+00:00,4314.5,4334.8,4307.9,4317.6,469434.0,real_delta_india
2026-06-06T00:00:00+00:00,4318.1,4330.4,4310.9,4311.7,447270.0,real_delta_india
2026-06-06T04:00:00+00:00,4311.7,4312.7,4288.5,4303.4,1285689.0,real_delta_india
2026-06-06T08:00:00+00:00,4303.4,4305.9,4288.1,4295.8,718288.0,real_delta_india
2026-06-06T12:00:00+00:00,4295.6,4298.0,4287.6,4288.1,717017.0,real_delta_india
2026-06-06T16:00:00+00:00,4288.1,4295.8,4286.3,4290.7,539628.0,real_delta_india
2026-06-06T20:00:00+00:00,4290.9,4297.8,4286.8,4297.8,95179.0,real_delta_india
2026-06-07T00:00:00+00:00,4297.7,4308.5,4293.0,4304.6,425917.0,real_delta_india
2026-06-07T04:00:00+00:00,4304.6,4310.9,4298.2,4310.84,524406.0,real_delta_india
2026-06-07T08:00:00+00:00,4310.6,4320.7,4304.5,4308.8,901450.0,real_delta_india
2026-06-07T12:00:00+00:00,4308.5,4308.5,4291.5,4301.3,948048.0,real_delta_india
2026-06-07T16:00:00+00:00,4301.0,4308.9,4293.7,4301.9,507838.0,real_delta_india
2026-06-07T20:00:00+00:00,4300.7,4336.2,4299.4,4332.9,775955.0,real_delta_india
2026-06-08T00:00:00+00:00,4331.1,4343.3,4290.0,4307.0,2654891.0,real_delta_india
2026-06-08T04:00:00+00:00,4307.4,4311.6,4259.1,4285.7,4475673.0,real_delta_india
2026-06-08T08:00:00+00:00,4286.0,4322.4,4262.8,4320.2,5000135.0,real_delta_india
2026-06-08T12:00:00+00:00,4320.0,4335.2,4305.8,4330.7,6602701.0,real_delta_india
2026-06-08T16:00:00+00:00,4330.7,4334.5,4313.0,4316.4,2565846.0,real_delta_india
2026-06-08T20:00:00+00:00,4316.6,4325.9,4302.2,4306.3,645158.0,real_delta_india
2026-06-09T00:00:00+00:00,4306.7,4330.7,4303.2,4325.8,1803344.0,real_delta_india
2026-06-09T04:00:00+00:00,4325.3,4340.0,4311.1,4313.8,3627661.0,real_delta_india
2026-06-09T08:00:00+00:00,4313.73,4330.7,4308.3,4326.7,2510925.0,real_delta_india
2026-06-09T12:00:00+00:00,4326.9,4351.6,4254.3,4265.1,9170514.0,real_delta_india
2026-06-09T16:00:00+00:00,4265.0,4272.7,4228.0,4251.1,5595314.0,real_delta_india
2026-06-09T20:00:00+00:00,4251.4,4255.0,4203.8,4214.5,1216289.0,real_delta_india
2026-06-10T00:00:00+00:00,4214.5,4220.5,4168.7,4180.7,3787105.0,real_delta_india
2026-06-10T04:00:00+00:00,4181.0,4216.5,4168.0,4183.4,5329691.0,real_delta_india
2026-06-10T08:00:00+00:00,4182.2,4183.2,4142.2,4144.7,7036170.0,real_delta_india
2026-06-10T12:00:00+00:00,4144.7,4181.9,4106.6,4128.3,14852871.0,real_delta_india
2026-06-10T16:00:00+00:00,4128.6,4134.0,4083.0,4086.1,7032444.0,real_delta_india
2026-06-10T20:00:00+00:00,4086.0,4086.4,4023.7,4048.3,3447760.0,real_delta_india
2026-06-11T00:00:00+00:00,4048.5,4118.2,4038.4,4077.4,5644911.0,real_delta_india
2026-06-11T04:00:00+00:00,4077.4,4110.96,4074.8,4105.7,5487577.0,real_delta_india
2026-06-11T08:00:00+00:00,4105.8,4113.8,4078.4,4082.0,4337549.0,real_delta_india
2026-06-11T12:00:00+00:00,4082.5,4094.9,4055.7,4089.3,9653692.0,real_delta_india
2026-06-11T16:00:00+00:00,4089.7,4211.5,4070.3,4200.1,13014234.0,real_delta_india
2026-06-11T20:00:00+00:00,4201.6,4237.9,4196.3,4211.8,1966120.0,real_delta_india
2026-06-12T00:00:00+00:00,4212.9,4222.0,4164.2,4190.9,4113951.0,real_delta_india
2026-06-12T04:00:00+00:00,4190.7,4193.7,4161.6,4185.7,4913301.0,real_delta_india
2026-06-12T08:00:00+00:00,4186.35,4219.4,4184.0,4198.6,6996987.0,real_delta_india
2026-06-12T12:00:00+00:00,4198.7,4227.2,4170.6,4202.6,9938448.0,real_delta_india
2026-06-12T16:00:00+00:00,4203.1,4224.9,4192.9,4203.1,4335563.0,real_delta_india
2026-06-12T20:00:00+00:00,4202.8,4209.9,4200.9,4208.6,403500.0,real_delta_india
2026-06-13T00:00:00+00:00,4208.4,4209.1,4203.9,4206.5,272395.0,real_delta_india
2026-06-13T04:00:00+00:00,4206.3,4214.5,4206.3,4211.7,557700.0,real_delta_india
2026-06-13T08:00:00+00:00,4211.5,4212.8,4208.0,4209.6,280331.0,real_delta_india
2026-06-13T12:00:00+00:00,4209.6,4216.9,4208.8,4216.0,497927.0,real_delta_india
2026-06-13T16:00:00+00:00,4215.3,4218.3,4197.4,4215.6,372714.0,real_delta_india
2026-06-13T20:00:00+00:00,4215.8,4224.9,4215.0,4219.5,171073.0,real_delta_india
2026-06-14T00:00:00+00:00,4219.1,4223.4,4217.2,4220.9,182917.0,real_delta_india
2026-06-14T04:00:00+00:00,4220.7,4225.0,4220.0,4223.5,230273.0,real_delta_india
2026-06-14T08:00:00+00:00,4224.0,4230.5,4220.1,4223.1,436540.0,real_delta_india
2026-06-14T12:00:00+00:00,4222.8,4226.5,4213.0,4219.2,747532.0,real_delta_india
2026-06-14T16:00:00+00:00,4219.2,4223.7,4215.91,4219.8,306733.0,real_delta_india
2026-06-14T20:00:00+00:00,4219.8,4300.51,4217.0,4285.9,1694969.0,real_delta_india
2026-06-15T00:00:00+00:00,4285.7,4324.6,4277.5,4314.0,3280970.0,real_delta_india
2026-06-15T04:00:00+00:00,4314.0,4322.1,4292.1,4312.4,4321305.0,real_delta_india
2026-06-15T08:00:00+00:00,4312.2,4336.5,4311.2,4323.6,4759048.0,real_delta_india
2026-06-15T12:00:00+00:00,4323.6,4356.5,4313.7,4343.9,9311219.0,real_delta_india
2026-06-15T16:00:00+00:00,4343.7,4345.5,4303.4,4307.4,6584693.0,real_delta_india
2026-06-15T20:00:00+00:00,4307.9,4308.7,4293.95,4303.4,1390494.0,real_delta_india
2026-06-16T00:00:00+00:00,4302.6,4321.1,4295.0,4319.9,2624135.0,real_delta_india
2026-06-16T04:00:00+00:00,4319.9,4323.8,4301.5,4323.0,4087177.0,real_delta_india
2026-06-16T08:00:00+00:00,4323.4,4336.8,4320.9,4328.5,4415103.0,real_delta_india
2026-06-16T12:00:00+00:00,4328.3,4342.1,4299.7,4323.2,9948983.0,real_delta_india
2026-06-16T16:00:00+00:00,4323.0,4334.2,4313.4,4321.6,4940057.0,real_delta_india
2026-06-16T20:00:00+00:00,4321.1,4325.5,4316.3,4318.0,375844.0,real_delta_india
2026-06-17T00:00:00+00:00,4318.0,4336.8,4315.8,4319.9,1841144.0,real_delta_india
2026-06-17T04:00:00+00:00,4319.9,4320.7,4306.4,4312.2,3268380.0,real_delta_india
2026-06-17T08:00:00+00:00,4312.3,4323.0,4305.0,4310.5,2863542.0,real_delta_india
2026-06-17T12:00:00+00:00,4310.7,4351.5,4307.7,4349.9,8257850.0,real_delta_india
2026-06-17T16:00:00+00:00,4350.8,4369.0,4212.3,4229.2,17107560.0,real_delta_india
2026-06-17T20:00:00+00:00,4228.1,4273.0,4228.0,4269.3,1515794.0,real_delta_india
2026-06-18T00:00:00+00:00,4270.0,4318.2,4268.5,4308.6,3112383.0,real_delta_india
2026-06-18T04:00:00+00:00,4308.0,4312.7,4276.5,4277.6,4720937.0,real_delta_india
2026-06-18T08:00:00+00:00,4278.0,4281.9,4229.5,4231.4,5470242.0,real_delta_india
2026-06-18T12:00:00+00:00,4231.6,4267.9,4214.8,4217.5,10698518.0,real_delta_india
2026-06-18T16:00:00+00:00,4217.4,4225.9,4193.5,4210.5,7441033.0,real_delta_india
2026-06-18T20:00:00+00:00,4209.7,4213.0,4179.7,4181.1,1141706.0,real_delta_india
2026-06-19T00:00:00+00:00,4181.5,4190.0,4139.9,4145.5,2881244.0,real_delta_india
2026-06-19T04:00:00+00:00,4145.5,4156.6,4115.1,4152.0,6496661.0,real_delta_india
2026-06-19T08:00:00+00:00,4152.0,4172.4,4135.0,4146.7,6614057.0,real_delta_india
2026-06-19T12:00:00+00:00,4147.0,4176.7,4138.2,4146.7,8195004.0,real_delta_india
2026-06-19T16:00:00+00:00,4147.5,4155.0,4140.4,4154.3,2964229.0,real_delta_india
2026-06-19T20:00:00+00:00,4154.0,4156.1,4150.4,4151.8,209903.0,real_delta_india
2026-06-20T00:00:00+00:00,4151.6,4157.6,4148.6,4150.7,319471.0,real_delta_india
2026-06-20T04:00:00+00:00,4151.0,4156.1,4150.6,4153.0,282342.0,real_delta_india
2026-06-20T08:00:00+00:00,4153.0,4154.4,4148.7,4151.4,273287.0,real_delta_india
2026-06-20T12:00:00+00:00,4151.87,4158.0,4144.7,4154.8,720672.0,real_delta_india
2026-06-20T16:00:00+00:00,4155.0,4155.0,4147.1,4150.6,316517.0,real_delta_india
2026-06-20T20:00:00+00:00,4150.7,4152.7,4148.5,4150.4,44613.0,real_delta_india
2026-06-21T00:00:00+00:00,4150.1,4155.3,4149.1,4154.5,111000.0,real_delta_india
2026-06-21T04:00:00+00:00,4154.3,4162.3,4151.6,4156.8,461437.0,real_delta_india
2026-06-21T08:00:00+00:00,4156.7,4160.0,4151.4,4153.3,330206.0,real_delta_india
2026-06-21T12:00:00+00:00,4153.3,4160.5,4152.5,4158.9,306398.0,real_delta_india
2026-06-21T16:00:00+00:00,4159.1,4160.5,4154.4,4158.6,349991.0,real_delta_india
2026-06-21T20:00:00+00:00,4158.6,4158.8,4130.0,4132.9,1553187.0,real_delta_india
2026-06-22T00:00:00+00:00,4133.6,4213.0,4133.6,4166.2,3907155.0,real_delta_india
2026-06-22T04:00:00+00:00,4166.2,4200.7,4166.0,4183.9,3828427.0,real_delta_india
2026-06-22T08:00:00+00:00,4184.0,4208.4,4181.9,4200.3,4303451.0,real_delta_india
2026-06-22T12:00:00+00:00,4200.0,4204.4,4162.4,4174.2,9072166.0,real_delta_india
2026-06-22T16:00:00+00:00,4175.2,4186.0,4166.6,4182.8,2780586.0,real_delta_india
2026-06-22T20:00:00+00:00,4183.2,4187.4,4175.9,4179.7,418671.0,real_delta_india
2026-06-23T00:00:00+00:00,4179.0,4189.7,4123.7,4138.2,4293164.0,real_delta_india
2026-06-23T04:00:00+00:00,4138.4,4140.8,4090.8,4093.5,6770062.0,real_delta_india
2026-06-23T08:00:00+00:00,4092.9,4126.3,4086.0,4115.0,5592136.0,real_delta_india
2026-06-23T12:00:00+00:00,4114.5,4136.5,4096.0,4128.53,8720693.0,real_delta_india
2026-06-23T16:00:00+00:00,4128.6,4133.0,4103.6,4103.7,3256793.0,real_delta_india
2026-06-23T20:00:00+00:00,4103.3,4113.9,4074.4,4092.0,1407855.0,real_delta_india
2026-06-24T00:00:00+00:00,4092.6,4104.3,4047.1,4058.9,5229680.0,real_delta_india
2026-06-24T04:00:00+00:00,4059.1,4093.8,4051.3,4070.2,4788180.0,real_delta_india
2026-06-24T08:00:00+00:00,4071.0,4084.3,4036.2,4045.2,6782334.0,real_delta_india
2026-06-24T12:00:00+00:00,4046.5,4047.5,3966.7,3998.9,17722365.0,real_delta_india
2026-06-24T16:00:00+00:00,3999.1,4019.5,3954.6,3986.8,8154245.0,real_delta_india
2026-06-24T20:00:00+00:00,3985.3,4017.2,3983.2,4010.6,1375019.0,real_delta_india
2026-06-25T00:00:00+00:00,4010.6,4015.5,3962.9,3994.1,4197432.0,real_delta_india
2026-06-25T04:00:00+00:00,3994.3,3999.9,3971.7,3987.7,4758221.0,real_delta_india
2026-06-25T08:00:00+00:00,3987.1,4001.5,3973.7,3979.4,3655298.0,real_delta_india
2026-06-25T12:00:00+00:00,3980.2,4038.31,3978.0,4036.7,13718788.0,real_delta_india
2026-06-25T16:00:00+00:00,4037.3,4040.6,4017.5,4022.6,4737139.0,real_delta_india
2026-06-25T20:00:00+00:00,4022.2,4030.6,4008.7,4009.9,677651.0,real_delta_india
2026-06-26T00:00:00+00:00,4009.8,4024.3,3978.9,4000.0,3336299.0,real_delta_india
2026-06-26T04:00:00+00:00,3999.8,4035.7,3995.0,4026.8,5298300.0,real_delta_india
2026-06-26T08:00:00+00:00,4026.6,4049.2,4021.1,4038.3,5924483.0,real_delta_india
2026-06-26T12:00:00+00:00,4038.3,4088.5,4028.1,4083.3,11295416.0,real_delta_india
2026-06-26T16:00:00+00:00,4083.6,4085.9,4058.0,4064.73,3411973.0,real_delta_india
2026-06-26T20:00:00+00:00,4064.8,4082.3,4058.7,4079.0,695878.0,real_delta_india
2026-06-27T00:00:00+00:00,4079.0,4080.7,4073.8,4077.0,309442.0,real_delta_india
2026-06-27T04:00:00+00:00,4076.8,4080.1,4074.6,4077.9,380433.0,real_delta_india
2026-06-27T08:00:00+00:00,4077.6,4078.8,4075.5,4077.9,370136.0,real_delta_india
2026-06-27T12:00:00+00:00,4078.1,4078.7,4075.1,4077.3,487110.0,real_delta_india
2026-06-27T16:00:00+00:00,4077.2,4078.6,4068.0,4069.7,508565.0,real_delta_india
2026-06-27T20:00:00+00:00,4069.9,4077.4,4069.4,4072.4,88623.0,real_delta_india
2026-06-28T00:00:00+00:00,4072.4,4075.8,4072.1,4072.8,105716.0,real_delta_india
2026-06-28T04:00:00+00:00,4072.8,4075.2,4069.1,4071.9,289795.0,real_delta_india
2026-06-28T08:00:00+00:00,4072.1,4075.6,4070.6,4071.8,213847.0,real_delta_india
2026-06-28T12:00:00+00:00,4071.8,4074.3,4069.1,4071.1,131297.0,real_delta_india
2026-06-28T16:00:00+00:00,4070.9,4072.7,4067.6,4071.0,415981.0,real_delta_india
2026-06-28T20:00:00+00:00,4071.2,4078.36,4045.4,4056.0,920703.0,real_delta_india
2026-06-29T00:00:00+00:00,4055.8,4069.4,4041.9,4062.2,2343402.0,real_delta_india
2026-06-29T04:00:00+00:00,4062.6,4062.6,4032.95,4054.7,3564791.0,real_delta_india
2026-06-29T08:00:00+00:00,4054.7,4058.73,4020.0,4035.2,4637881.0,real_delta_india
2026-06-29T12:00:00+00:00,4035.2,4046.3,3995.84,4022.2,8736329.0,real_delta_india
2026-06-29T16:00:00+00:00,4022.0,4027.0,4002.0,4012.6,3772871.0,real_delta_india
2026-06-29T20:00:00+00:00,4011.5,4018.5,4004.67,4010.2,443651.0,real_delta_india
2026-06-30T00:00:00+00:00,4009.2,4009.25,3941.2,3966.2,5432495.0,real_delta_india
2026-06-30T04:00:00+00:00,3966.5,4030.1,3966.2,4026.4,6357462.0,real_delta_india
2026-06-30T08:00:00+00:00,4026.3,4032.1,4007.3,4028.0,5173334.0,real_delta_india
2026-06-30T12:00:00+00:00,4028.1,4058.6,4002.9,4025.0,11864815.0,real_delta_india
2026-06-30T16:00:00+00:00,4025.0,4028.6,4010.2,4011.7,4595679.0,real_delta_india
2026-06-30T20:00:00+00:00,4011.4,4015.4,4000.1,4000.4,1485465.0,real_delta_india
2026-07-01T00:00:00+00:00,4000.4,4004.4,3966.9,3979.0,5125279.0,real_delta_india
2026-07-01T04:00:00+00:00,3979.4,3980.6,3957.7,3973.8,6182942.0,real_delta_india
2026-07-01T08:00:00+00:00,3973.51,4029.7,3968.0,4024.7,6775811.0,real_delta_india
2026-07-01T12:00:00+00:00,4025.6,4106.8,4007.2,4073.0,14968216.0,real_delta_india
2026-07-01T16:00:00+00:00,4073.6,4080.2,4028.6,4032.6,5842239.0,real_delta_india
2026-07-01T20:00:00+00:00,4032.9,4040.5,4022.5,4028.8,1306265.0,real_delta_india
2026-07-02T00:00:00+00:00,4029.2,4069.3,4025.2,4065.0,3906257.0,real_delta_india
2026-07-02T04:00:00+00:00,4065.0,4074.8,4047.8,4059.3,5741908.0,real_delta_india
2026-07-02T08:00:00+00:00,4059.3,4075.4,4053.0,4062.1,5287260.0,real_delta_india
2026-07-02T12:00:00+00:00,4062.0,4135.5,4057.5,4120.3,14772842.0,real_delta_india
2026-07-02T16:00:00+00:00,4120.5,4121.6,4092.4,4113.6,6889054.0,real_delta_india
2026-07-02T20:00:00+00:00,4113.3,4125.0,4109.5,4120.6,591744.0,real_delta_india
2026-07-03T00:00:00+00:00,4119.6,4185.4,4117.1,4164.7,4692759.0,real_delta_india
2026-07-03T04:00:00+00:00,4164.7,4172.5,4150.7,4166.4,4969575.0,real_delta_india
2026-07-03T08:00:00+00:00,4168.8,4176.9,4159.5,4170.9,4609588.0,real_delta_india
2026-07-03T12:00:00+00:00,4170.9,4173.9,4146.1,4156.2,6453994.0,real_delta_india
2026-07-03T16:00:00+00:00,4156.0,4168.6,4152.6,4167.0,1980827.0,real_delta_india
2026-07-03T20:00:00+00:00,4167.2,4171.1,4163.7,4165.0,356883.0,real_delta_india
2026-07-04T00:00:00+00:00,4165.0,4166.1,4154.8,4162.09,588687.0,real_delta_india
2026-07-04T04:00:00+00:00,4162.09,4163.2,4158.3,4160.1,362054.0,real_delta_india
2026-07-04T08:00:00+00:00,4160.4,4167.58,4160.4,4162.3,618082.0,real_delta_india
2026-07-04T12:00:00+00:00,4162.1,4167.2,4161.0,4166.3,339649.0,real_delta_india
2026-07-04T16:00:00+00:00,4166.1,4168.5,4160.3,4161.5,346267.0,real_delta_india
2026-07-04T20:00:00+00:00,4161.5,4165.3,4161.4,4165.0,88934.0,real_delta_india
2026-07-05T00:00:00+00:00,4164.8,4165.2,4159.6,4160.5,216002.0,real_delta_india
2026-07-05T04:00:00+00:00,4160.5,4163.4,4160.5,4163.3,121204.0,real_delta_india
2026-07-05T08:00:00+00:00,4163.3,4167.6,4162.2,4167.4,225170.0,real_delta_india
2026-07-05T12:00:00+00:00,4167.41,4167.9,4163.9,4164.6,196488.0,real_delta_india
2026-07-05T16:00:00+00:00,4164.6,4167.2,4163.6,4166.3,206353.0,real_delta_india
2026-07-05T20:00:00+00:00,4166.5,4192.3,4166.0,4174.8,967719.0,real_delta_india
2026-07-06T00:00:00+00:00,4175.7,4193.0,4150.9,4156.3,3596986.0,real_delta_india
2026-07-06T04:00:00+00:00,4156.4,4157.1,4134.74,4155.6,4098730.0,real_delta_india
2026-07-06T08:00:00+00:00,4155.5,4156.7,4128.2,4146.0,4098034.0,real_delta_india
2026-07-06T12:00:00+00:00,4145.7,4149.7,4120.5,4140.4,8727352.0,real_delta_india
2026-07-06T16:00:00+00:00,4140.4,4161.0,4132.4,4155.7,5235979.0,real_delta_india
2026-07-06T20:00:00+00:00,4156.2,4164.5,4147.4,4148.2,845195.0,real_delta_india
2026-07-07T00:00:00+00:00,4148.0,4153.6,4116.7,4123.0,3704799.0,real_delta_india
2026-07-07T04:00:00+00:00,4123.2,4132.0,4109.6,4119.2,4956760.0,real_delta_india
2026-07-07T08:00:00+00:00,4119.0,4151.0,4113.3,4149.4,5258610.0,real_delta_india
2026-07-07T12:00:00+00:00,4150.0,4171.3,4128.0,4131.2,12546626.0,real_delta_india
2026-07-07T16:00:00+00:00,4131.49,4140.9,4085.4,4106.7,6390500.0,real_delta_india
2026-07-07T20:00:00+00:00,4106.7,4108.5,4085.3,4091.2,1208460.0,real_delta_india
2026-07-08T00:00:00+00:00,4093.4,4124.3,4089.4,4115.7,4185192.0,real_delta_india
2026-07-08T04:00:00+00:00,4115.9,4126.6,4106.9,4113.0,4794259.0,real_delta_india
2026-07-08T08:00:00+00:00,4113.4,4113.7,4035.0,4057.1,9308680.0,real_delta_india
2026-07-08T12:00:00+00:00,4057.8,4080.7,4016.9,4030.9,12084582.0,real_delta_india
2026-07-08T16:00:00+00:00,4030.8,4083.8,4029.4,4072.2,8691539.0,real_delta_india
2026-07-08T20:00:00+00:00,4070.8,4074.3,4063.6,4068.9,853228.0,real_delta_india
2026-07-09T00:00:00+00:00,4068.92,4081.8,4046.3,4056.0,3770252.0,real_delta_india
2026-07-09T04:00:00+00:00,4056.5,4102.0,4049.9,4098.7,6739548.0,real_delta_india
2026-07-09T08:00:00+00:00,4099.2,4108.8,4083.6,4099.0,5699316.0,real_delta_india
2026-07-09T12:00:00+00:00,4099.0,4125.3,4096.0,4115.4,10627601.0,real_delta_india
2026-07-09T16:00:00+00:00,4115.6,4126.0,4107.4,4110.5,5205020.0,real_delta_india
2026-07-09T20:00:00+00:00,4111.8,4116.5,4109.0,4112.6,803722.0,real_delta_india
2026-07-10T00:00:00+00:00,4112.7,4124.2,4098.49,4109.7,3676247.0,real_delta_india
2026-07-10T04:00:00+00:00,4109.9,4111.5,4090.5,4095.1,4576193.0,real_delta_india
2026-07-10T08:00:00+00:00,4095.3,4103.0,4083.5,4092.7,5780576.0,real_delta_india
2026-07-10T12:00:00+00:00,4092.92,4108.1,4066.18,4103.4,9275477.0,real_delta_india
2026-07-10T16:00:00+00:00,4103.4,4106.0,4089.8,4099.9,3761374.0,real_delta_india
2026-07-10T20:00:00+00:00,4100.01,4113.1,4099.8,4109.1,909228.0,real_delta_india
2026-07-11T00:00:00+00:00,4109.2,4111.0,4105.7,4106.5,305174.0,real_delta_india
2026-07-11T04:00:00+00:00,4106.8,4110.2,4106.6,4109.8,381715.0,real_delta_india
2026-07-11T08:00:00+00:00,4109.6,4112.7,4109.3,4109.9,309201.0,real_delta_india
2026-07-11T12:00:00+00:00,4109.9,4112.1,4099.6,4102.4,586506.0,real_delta_india
2026-07-11T16:00:00+00:00,4102.2,4105.8,4101.8,4103.0,283670.0,real_delta_india
2026-07-11T20:00:00+00:00,4103.0,4104.0,4096.3,4097.5,115429.0,real_delta_india
2026-07-12T00:00:00+00:00,4097.5,4099.7,4095.1,4099.5,251324.0,real_delta_india
2026-07-12T04:00:00+00:00,4099.4,4100.1,4095.4,4095.9,319455.0,real_delta_india
2026-07-12T08:00:00+00:00,4096.1,4096.9,4095.5,4096.0,156213.0,real_delta_india
2026-07-12T12:00:00+00:00,4096.0,4097.8,4092.5,4096.9,319017.0,real_delta_india
2026-07-12T16:00:00+00:00,4096.9,4097.0,4091.4,4092.7,399885.0,real_delta_india
2026-07-12T20:00:00+00:00,4092.8,4096.2,4061.9,4077.0,1192052.0,real_delta_india
2026-07-13T00:00:00+00:00,4077.0,4083.1,4046.3,4053.0,3363412.0,real_delta_india
2026-07-13T04:00:00+00:00,4053.0,4065.3,4037.6,4058.5,4466718.0,real_delta_india
2026-07-13T08:00:00+00:00,4058.5,4073.8,4041.8,4050.7,5580848.0,real_delta_india
2026-07-13T12:00:00+00:00,4050.2,4059.4,3997.7,4013.0,9499493.0,real_delta_india
2026-07-13T16:00:00+00:00,4013.3,4015.6,3984.7,4001.3,7077125.0,real_delta_india
2026-07-13T20:00:00+00:00,4001.3,4004.9,3988.6,3996.5,632233.0,real_delta_india
2026-07-14T00:00:00+00:00,3997.75,4014.9,3980.61,4011.3,3478269.0,real_delta_india
2026-07-14T04:00:00+00:00,4011.7,4029.3,4008.4,4014.8,4963289.0,real_delta_india
2026-07-14T08:00:00+00:00,4014.9,4026.3,4008.2,4025.7,4124911.0,real_delta_india
2026-07-14T12:00:00+00:00,4025.7,4096.7,4017.7,4057.8,13479606.0,real_delta_india
2026-07-14T16:00:00+00:00,4057.6,4057.8,4034.6,4047.1,6044625.0,real_delta_india
2026-07-14T20:00:00+00:00,4047.3,4052.8,4039.0,4045.3,844812.0,real_delta_india
2026-07-15T00:00:00+00:00,4046.4,4055.2,4020.5,4025.36,3627311.0,real_delta_india
2026-07-15T04:00:00+00:00,4025.3,4030.3,4014.0,4018.2,4484047.0,real_delta_india
2026-07-15T08:00:00+00:00,4018.6,4034.4,4011.7,4033.3,4634700.0,real_delta_india
2026-07-15T12:00:00+00:00,4033.3,4067.0,4030.1,4038.0,11682780.0,real_delta_india
2026-07-15T16:00:00+00:00,4038.0,4072.9,4018.9,4048.1,9536973.0,real_delta_india
2026-07-15T20:00:00+00:00,4048.2,4055.8,4046.7,4048.0,720247.0,real_delta_india
2026-07-16T00:00:00+00:00,4048.0,4051.0,4016.5,4029.5,4144246.0,real_delta_india
2026-07-16T04:00:00+00:00,4029.7,4030.9,4016.7,4024.0,3761547.0,real_delta_india
2026-07-16T08:00:00+00:00,4024.0,4036.4,4014.5,4031.7,5462506.0,real_delta_india
2026-07-16T12:00:00+00:00,4031.9,4036.2,3970.0,4003.9,17877413.0,real_delta_india
2026-07-16T16:00:00+00:00,4003.7,4003.9,3968.8,3979.9,8026763.0,real_delta_india
2026-07-16T20:00:00+00:00,3979.4,3986.1,3972.4,3985.3,758651.0,real_delta_india
2026-07-17T00:00:00+00:00,3985.5,4006.2,3970.4,3989.6,4777868.0,real_delta_india
2026-07-17T04:00:00+00:00,3989.3,4002.9,3975.2,3989.7,6019520.0,real_delta_india
2026-07-17T08:00:00+00:00,3989.7,3999.1,3984.5,3991.3,3808277.0,real_delta_india
2026-07-17T12:00:00+00:00,3991.9,4014.2,3958.3,4010.7,17292024.0,real_delta_india
2026-07-17T16:00:00+00:00,4011.0,4015.6,3994.5,4006.9,5572636.0,real_delta_india
2026-07-17T20:00:00+00:00,4004.7,4008.7,3999.8,4003.3,478860.0,real_delta_india
2026-07-18T00:00:00+00:00,4003.3,4006.8,4003.2,4006.8,265298.0,real_delta_india
2026-07-18T04:00:00+00:00,4006.8,4011.0,4006.1,4010.6,510561.0,real_delta_india
2026-07-18T08:00:00+00:00,4010.6,4011.3,4009.5,4010.3,258713.0,real_delta_india
2026-07-18T12:00:00+00:00,4010.3,4010.5,4008.0,4009.2,294257.0,real_delta_india
2026-07-18T16:00:00+00:00,4009.2,4013.0,4004.4,4004.5,505298.0,real_delta_india
2026-07-18T20:00:00+00:00,4004.3,4009.9,4002.7,4009.8,310843.0,real_delta_india
2026-07-19T00:00:00+00:00,4009.7,4010.6,4008.4,4009.3,227248.0,real_delta_india
2026-07-19T04:00:00+00:00,4009.0,4009.0,4007.0,4007.0,187988.0,real_delta_india
2026-07-19T08:00:00+00:00,4007.2,4007.2,4003.5,4004.2,245136.0,real_delta_india
2026-07-19T12:00:00+00:00,4003.9,4007.1,4000.7,4005.4,692187.0,real_delta_india
2026-07-19T16:00:00+00:00,4005.4,4008.7,4003.4,4007.3,319342.0,real_delta_india
2026-07-19T20:00:00+00:00,4007.3,4007.5,3984.3,3990.2,1229833.0,real_delta_india
2026-07-20T00:00:00+00:00,3990.24,4023.1,3979.4,4017.8,4810869.0,real_delta_india
2026-07-20T04:00:00+00:00,4018.1,4021.0,3997.2,4011.8,4890962.0,real_delta_india
2026-07-20T08:00:00+00:00,4012.2,4033.9,4008.8,4020.1,5875382.0,real_delta_india
2026-07-20T12:00:00+00:00,4020.0,4020.1,3994.0,4006.6,12435350.0,real_delta_india
2026-07-20T16:00:00+00:00,4006.2,4013.0,3997.8,4002.7,4370551.0,real_delta_india
2026-07-20T20:00:00+00:00,4002.5,4006.8,3995.9,4005.5,631799.0,real_delta_india
2026-07-21T00:00:00+00:00,4001.8,4044.2,3999.6,4039.2,5503764.0,real_delta_india
2026-07-21T04:00:00+00:00,4039.2,4073.4,4035.5,4060.4,6962985.0,real_delta_india
2026-07-21T08:00:00+00:00,4060.9,4062.3,4044.45,4046.9,6839161.0,real_delta_india
2026-07-21T12:00:00+00:00,4046.9,4072.3,4036.0,4062.6,10988704.0,real_delta_india
2026-07-21T16:00:00+00:00,4062.6,4075.7,4056.5,4073.0,5050861.0,real_delta_india
2026-07-21T20:00:00+00:00,4072.4,4074.6,4065.8,4068.3,551856.0,real_delta_india
2026-07-22T00:00:00+00:00,4068.0,4127.0,4066.0,4116.2,5430402.0,real_delta_india
2026-07-22T04:00:00+00:00,4116.0,4119.9,4094.4,4095.9,5919435.0,real_delta_india
2026-07-22T08:00:00+00:00,4095.7,4110.5,4095.7,4110.2,4122837.0,real_delta_india
2026-07-22T12:00:00+00:00,4110.2,4151.9,4096.0,4145.0,14677837.0,real_delta_india
2026-07-22T16:00:00+00:00,4145.0,4145.0,4118.1,4121.6,6290033.0,real_delta_india
2026-07-22T20:00:00+00:00,4121.2,4127.1,4090.6,4122.1,2341172.0,real_delta_india
2026-07-23T00:00:00+00:00,4122.9,4129.87,4102.0,4113.8,4697679.0,real_delta_india
2026-07-23T04:00:00+00:00,4113.8,4120.0,4081.8,4086.8,5761741.0,real_delta_india
2026-07-23T08:00:00+00:00,4087.9,4092.0,4066.1,4079.7,6638181.0,real_delta_india
2026-07-23T12:00:00+00:00,4079.5,4079.7,4035.4,4044.3,15515212.0,real_delta_india
2026-07-23T16:00:00+00:00,4044.9,4050.6,4035.3,4045.8,3574512.0,real_delta_india
2026-07-23T20:00:00+00:00,4045.8,4046.46,4042.2,4042.9,378049.0,real_delta_india
2026-07-24T00:00:00+00:00,4043.2,4047.3,4018.0,4025.1,4576937.0,real_delta_india
2026-07-24T04:00:00+00:00,4024.9,4046.9,4017.5,4039.6,6265106.0,real_delta_india
2026-07-24T08:00:00+00:00,4039.2,4054.8,4036.3,4048.1,6978432.0,real_delta_india
2026-07-24T12:00:00+00:00,4047.9,4076.4,4034.5,4070.2,12533227.0,real_delta_india
2026-07-24T16:00:00+00:00,4070.2,4070.5,4042.9,4048.1,4923047.0,real_delta_india
2026-07-24T20:00:00+00:00,4047.8,4052.0,4045.1,4051.3,378846.0,real_delta_india
2026-07-25T00:00:00+00:00,4051.5,4053.2,4048.7,4049.3,317580.0,real_delta_india
2026-07-25T04:00:00+00:00,4049.6,4049.7,4048.0,4048.3,247074.0,real_delta_india
2026-07-25T08:00:00+00:00,4048.4,4049.4,4046.3,4048.9,280192.0,real_delta_india
2026-07-25T12:00:00+00:00,4048.6,4051.9,4048.3,4051.3,357020.0,real_delta_india
2026-07-25T16:00:00+00:00,4051.1,4054.1,4049.1,4052.6,258801.0,real_delta_india
2026-07-25T20:00:00+00:00,4052.6,4054.3,4050.6,4052.4,75779.0,real_delta_india
2026-07-26T00:00:00+00:00,4052.6,4053.0,4051.4,4053.0,140831.0,real_delta_india
2026-07-26T04:00:00+00:00,4053.0,4055.8,4052.3,4053.0,343350.0,real_delta_india
2026-07-26T08:00:00+00:00,4053.0,4058.2,4052.8,4055.9,363145.0,real_delta_india
2026-07-26T12:00:00+00:00,4055.9,4060.2,4055.4,4059.9,423830.0,real_delta_india
2026-07-26T16:00:00+00:00,4060.1,4063.7,4059.0,4059.2,566403.0,real_delta_india
2026-07-26T20:00:00+00:00,4059.4,4088.9,4059.0,4085.5,1445328.0,real_delta_india
2026-07-27T00:00:00+00:00,4085.8,4106.8,4076.8,4082.6,4411161.0,real_delta_india
2026-07-27T04:00:00+00:00,4082.8,4097.5,4076.7,4080.3,5040487.0,real_delta_india
2026-07-27T08:00:00+00:00,4080.3,4096.0,4077.8,4085.3,4379357.0,real_delta_india
2026-07-27T12:00:00+00:00,4085.0,4088.6,4056.4,4071.71,11921610.0,real_delta_india
2026-07-27T16:00:00+00:00,4071.5,4086.5,4064.1,4075.8,5946999.0,real_delta_india
2026-07-27T20:00:00+00:00,4076.4,4076.4,4060.5,4064.0,821220.0,real_delta_india
2026-07-28T00:00:00+00:00,4064.2,4064.9,4033.8,4042.6,4741177.0,real_delta_india
2026-07-28T04:00:00+00:00,4042.6,4046.48,4028.3,4040.3,4737415.0,real_delta_india
2026-07-28T08:00:00+00:00,4040.1,4048.6,4012.7,4023.4,6462650.0,real_delta_india
2026-07-28T12:00:00+00:00,4023.3,4042.5,4006.45,4041.9,10289272.0,real_delta_india
2026-07-28T16:00:00+00:00,4041.7,4042.3,4017.5,4022.1,4285778.0,real_delta_india
2026-07-28T20:00:00+00:00,4021.8,4029.7,4009.8,4020.5,1127969.0,real_delta_india
2026-07-29T00:00:00+00:00,4020.5,4032.7,4006.2,4018.1,3507037.0,real_delta_india
2026-07-29T04:00:00+00:00,4018.9,4042.0,4015.5,4036.7,4524833.0,real_delta_india
2026-07-29T08:00:00+00:00,4037.0,4038.0,4020.6,4028.5,4881217.0,real_delta_india
2026-07-29T12:00:00+00:00,4028.9,4029.2,3994.5,4008.2,11999875.0,real_delta_india
2026-07-29T16:00:00+00:00,4008.4,4104.95,4006.8,4037.7,24634241.0,real_delta_india
2026-07-29T20:00:00+00:00,4038.5,4090.4,4035.4,4076.4,2925144.0,real_delta_india
2026-07-30T00:00:00+00:00,4077.0,4083.4,4045.9,4053.6,4549983.0,real_delta_india
2026-07-30T04:00:00+00:00,4053.4,4054.5,4025.7,4035.8,7365679.0,real_delta_india
2026-07-30T08:00:00+00:00,4036.1,4077.0,4034.3,4071.8,8942665.0,real_delta_india
2026-07-30T12:00:00+00:00,4072.1,4109.0,4059.5,4096.7,17583360.0,real_delta_india
2026-07-30T16:00:00+00:00,4096.8,4107.3,4087.5,4100.5,7340746.0,real_delta_india
2026-07-30T20:00:00+00:00,4099.8,4105.6,4089.2,4094.6,1171079.0,real_delta_india
2026-07-31T00:00:00+00:00,4095.2,4095.2,4064.95,4067.6,4968959.0,real_delta_india
2026-07-31T04:00:00+00:00,4067.8,4088.0,4066.2,4066.9,7666792.0,real_delta_india
2026-07-31T08:00:00+00:00,4066.8,4069.0,4054.2,4058.5,7522559.0,real_delta_india
2026-07-31T12:00:00+00:00,4058.7,4063.7,4028.4,4051.4,15109268.0,real_delta_india
2026-07-31T16:00:00+00:00,4051.4,4060.9,4046.9,4054.6,6219117.0,real_delta_india
2026-07-31T20:00:00+00:00,4055.7,4056.8,4047.2,4053.0,586298.0,real_delta_india
2026-08-01T00:00:00+00:00,4052.8,4053.4,4050.3,4051.0,414955.0,real_delta_india
2026-08-01T04:00:00+00:00,4051.0,4052.8,4049.6,4052.0,415882.0,real_delta_india
2026-08-01T08:00:00+00:00,4051.9,4053.9,4051.1,4052.2,326188.0,real_delta_india
2026-08-01T12:00:00+00:00,4052.5,4053.5,4050.6,4050.7,221917.0,real_delta_india
2026-08-01T16:00:00+00:00,4050.7,4054.8,4042.3,4053.7,1066050.0,real_delta_india
2026-08-01T20:00:00+00:00,4053.8,4055.9,4051.5,4053.3,342243.0,real_delta_india
2026-08-02T00:00:00+00:00,4053.6,4065.5,4053.4,4064.1,990055.0,real_delta_india
2026-08-02T04:00:00+00:00,4064.1,4068.0,4063.9,4064.3,950638.0,real_delta_india
2026-08-02T08:00:00+00:00,4064.3,4065.5,4063.1,4064.1,442422.0,real_delta_india
2026-08-02T12:00:00+00:00,4064.1,4067.6,4060.7,4066.0,960469.0,real_delta_india
2026-08-02T16:00:00+00:00,4065.8,4074.6,4065.8,4071.04,1357310.0,real_delta_india
2026-08-02T20:00:00+00:00,4071.04,4086.8,4066.7,4077.6,1705625.0,real_delta_india
2026-08-03T00:00:00+00:00,4077.8,4081.2,4051.3,4066.6,4942241.0,real_delta_india
2026-08-03T04:00:00+00:00,4066.76,4073.2,4054.4,4063.1,6790807.0,real_delta_india
2026-08-03T08:00:00+00:00,4063.3,4066.6,4049.6,4064.9,5451471.0,real_delta_india
2026-08-03T12:00:00+00:00,4064.8,4067.0,4025.4,4043.5,13058519.0,real_delta_india
2026-08-03T16:00:00+00:00,4043.7,4061.5,4036.4,4057.2,4162438.0,real_delta_india
2026-08-03T20:00:00+00:00,4056.8,4063.0,4053.5,4056.5,1081337.0,real_delta_india
2026-08-04T00:00:00+00:00,4057.21,4072.9,4048.0,4054.6,4372779.0,real_delta_india
2026-08-04T04:00:00+00:00,4054.6,4069.0,4054.0,4066.2,4824701.0,real_delta_india
2026-08-04T08:00:00+00:00,4066.4,4084.0,4046.5,4071.8,7096746.0,real_delta_india
2026-08-04T12:00:00+00:00,4073.0,4090.0,4060.0,4082.0,7298312.0,real_delta_india
2026-08-04T16:00:00+00:00,4082.0,4102.2,4072.0,4075.0,4464075.0,real_delta_india
2026-08-04T20:00:00+00:00,4075.0,4083.79,4061.7,4068.1,849252.0,real_delta_india
2026-08-05T00:00:00+00:00,4068.2,4130.0,4066.2,4120.52,4451389.0,real_delta_india
2026-08-05T04:00:00+00:00,4120.52,4170.0,4117.7,4163.5,6788903.0,real_delta_india
2026-08-05T08:00:00+00:00,4163.0,4182.2,4138.5,4179.04,5799033.0,real_delta_india
2026-08-05T12:00:00+00:00,4179.04,4250.0,4171.8,4220.6,19564559.0,real_delta_india
2026-08-05T16:00:00+00:00,4220.5,4256.9,4213.0,4234.9,9982841.0,real_delta_india
2026-08-05T20:00:00+00:00,4235.3,4270.8,4232.4,4267.4,2062344.0,real_delta_india
2026-08-06T00:00:00+00:00,4266.7,4293.8,4251.0,4257.5,8743342.0,real_delta_india
2026-08-06T04:00:00+00:00,4257.5,4261.0,4238.9,4255.7,7432804.0,real_delta_india
2026-08-06T08:00:00+00:00,4255.9,4277.3,4247.0,4257.2,9809990.0,real_delta_india
2026-08-06T12:00:00+00:00,4257.2,4267.3,4220.58,4226.7,19623886.0,real_delta_india
2026-08-06T16:00:00+00:00,4226.9,4246.6,4217.4,4242.9,10222343.0,real_delta_india
2026-08-06T20:00:00+00:00,4243.4,4247.0,4229.0,4246.3,1155051.0,real_delta_india
2026-08-07T00:00:00+00:00,4245.7,4259.5,4222.8,4258.9,5465674.0,real_delta_india
2026-08-07T04:00:00+00:00,4259.0,4289.7,4253.9,4282.9,9303569.0,real_delta_india
2026-08-07T08:00:00+00:00,4282.0,4318.7,4281.7,4312.1,12409241.0,real_delta_india
2026-08-07T12:00:00+00:00,4312.0,4359.2,4275.2,4328.9,29129965.0,real_delta_india
2026-08-07T16:00:00+00:00,4328.9,4338.7,4316.6,4332.4,7733397.0,real_delta_india
2026-08-07T20:00:00+00:00,4332.4,4340.4,4325.6,4339.7,711860.0,real_delta_india
2026-08-08T00:00:00+00:00,4339.9,4343.1,4329.4,4335.8,857190.0,real_delta_india
2026-08-08T04:00:00+00:00,4336.0,4336.0,4328.3,4334.6,992829.0,real_delta_india
2026-08-08T08:00:00+00:00,4334.6,4339.4,4333.3,4336.1,704051.0,real_delta_india
2026-08-08T12:00:00+00:00,4336.1,4341.9,4334.2,4340.7,677193.0,real_delta_india
2026-08-08T16:00:00+00:00,4340.7,4340.8,4335.4,4338.3,428528.0,real_delta_india
2026-08-08T20:00:00+00:00,4338.3,4344.3,4337.8,4342.6,123375.0,real_delta_india
2026-08-09T00:00:00+00:00,4342.7,4344.0,4338.2,4339.5,289753.0,real_delta_india
2026-08-09T04:00:00+00:00,4339.55,4341.7,4339.3,4341.5,49396.0,real_delta_india
